epoch,best,mean,std
0,0.0019161690218214404,0.0019133685880210988,9.121044053780643e-07
1,0.0019161690218214404,0.0019135731030725167,1.0347516549396363e-06
2,0.0019161690218214404,0.0019137984421531003,1.006578739087823e-06
3,0.001915206541860296,0.001913588030987836,9.927238716682534e-07
4,0.0019156438770775953,0.0019136032569209073,1.0586153911030032e-06
5,0.0019156438770775953,0.0019136209491801522,1.163373589575067e-06
6,0.0019156438770775953,0.001914014267638718,1.2247152165019717e-06
7,0.0019156840649094606,0.0019142756729021656,1.2080144010334059e-06
8,0.0019156840649094606,0.0019143476361009755,1.3050254075414401e-06
9,0.0019156840649094606,0.0019143494670837292,1.3283231838331558e-06
10,0.0019156840649094606,0.0019145050543812674,1.2752814029519983e-06
11,0.0019156840649094606,0.0019145590234914028,1.3480195289842078e-06
12,0.0019159487381773736,0.0019140075384052613,1.3975969844818777e-06
13,0.0019174907835322846,0.00191436688789948,1.4507283705782285e-06
14,0.0019174907835322846,0.0019146845432365415,1.5477939825183253e-06
15,0.0019174907835322846,0.0019150169094291419,1.5803769822246436e-06
16,0.0019174907835322846,0.0019152377343490848,1.689521920796739e-06
17,0.0019174907835322846,0.0019153591949050198,1.5525762246811876e-06
18,0.0019174907835322846,0.0019156731822390833,1.5990593563292117e-06
19,0.0019174907835322846,0.0019160329141831446,1.6091587865175737e-06
20,0.0019174907835322846,0.0019157780565312,1.7264823432892928e-06
21,0.0019174907835322846,0.0019158316640958107,1.7183888910454806e-06
22,0.0019174907835322846,0.001915963935932815,1.7390282540565625e-06
23,0.0019174907835322846,0.0019166829674902813,1.3655761260999161e-06
24,0.0019174907835322846,0.001916773260012527,1.1925785076366468e-06
25,0.0019174907835322846,0.0019171463204960787,8.838632144251445e-07
26,0.0019174907835322846,0.001917304350762316,6.42117066910105e-07
27,0.0019174907835322846,0.001916982072132599,1.1730357551299129e-06
28,0.0019174907835322846,0.00191718966730515,8.52938034089486e-07
29,0.0019174907835322846,0.0019173412155903602,5.669699566816444e-07
30,0.0019174907835322846,0.0019173989323206628,3.906328465814217e-07
31,0.0019174907835322846,0.0019174620312260985,2.012661433047026e-07
32,0.0019174907835322846,0.0019171566811847318,1.002371745994432e-06
33,0.0019174907835322846,0.0019170719900103517,1.1552652541181714e-06
34,0.0019174907835322846,0.0019168517690833665,1.16687443759058e-06
35,0.0019174907835322846,0.0019168908958173165,1.1513171386148705e-06
36,0.0019174907835322846,0.0019168029182369672,1.1864905784317406e-06
37,0.0019174907835322846,0.0019166299116958703,1.3458889129458007e-06
38,0.0019174907835322846,0.001916666575951525,1.3050446172525242e-06
39,0.0019174907835322846,0.0019164921074834532,1.3528283720923982e-06
40,0.0019174907835322846,0.0019168697303572598,1.096908028774084e-06
41,0.0019174907835322846,0.0019169406036929804,1.0090253426154228e-06
42,0.0019174907835322846,0.0019164963973750443,1.5525258531988893e-06
43,0.0019174907835322846,0.0019160828328310228,1.8404680709362774e-06
44,0.0019174907835322846,0.0019160858981472715,1.8973908877867705e-06
45,0.0019174907835322846,0.0019163779141879447,1.5777787638090716e-06
46,0.0019174907835322846,0.0019160384507144758,1.7049517844105268e-06
47,0.001917625969570741,0.0019155840155813018,2.0035333332009802e-06
48,0.001917625969570741,0.0019156974929505097,2.040909983895208e-06
49,0.001917625969570741,0.0019158168657165092,1.8650751241209147e-06
50,0.001917625969570741,0.001916264798098295,1.654319186183232e-06
51,0.001917625969570741,0.0019165897903425252,1.6173450298311324e-06
52,0.001917625969570741,0.0019162963942236306,1.8966467044924103e-06
53,0.001917625969570741,0.0019160689151146804,1.9245109680006293e-06
54,0.001917625969570741,0.0019158328912140393,1.9585696100649952e-06
55,0.001917625969570741,0.0019155050181414572,1.8997865580823368e-06
56,0.001917625969570741,0.001915750568062326,1.9458293878928727e-06
57,0.0019184903721358108,0.001915984371418475,1.955736934765423e-06
58,0.0019184903721358108,0.0019166900316140883,1.913707245570222e-06
59,0.0019184903721358108,0.0019167542646817144,2.181953249682611e-06
60,0.0019184903721358108,0.0019165292245896216,2.2383336813376323e-06
61,0.0019184903721358108,0.0019167309406965254,2.179798703559814e-06
62,0.0019184903721358108,0.001916217520480803,2.181576780579539e-06
63,0.0019184903721358108,0.0019158302443842432,2.5590097535618637e-06
64,0.0019184903721358108,0.0019155462589846733,2.551759477960417e-06
65,0.0019184903721358108,0.0019157476964228137,2.513775466454665e-06
66,0.0019184903721358108,0.0019160006862814502,2.2039984132736874e-06
67,0.0019184903721358108,0.0019165683202623197,1.838341110941295e-06
68,0.0019184903721358108,0.0019170146128771593,1.8068667215453273e-06
69,0.0019184903721358108,0.0019170000540449689,1.7076390456043475e-06
70,0.0019184903721358108,0.0019161304339996525,2.0095105108524266e-06
71,0.0019184903721358108,0.0019164094113223906,1.9520170793788866e-06
72,0.0019184903721358108,0.0019161805919060979,1.908141424889529e-06
73,0.0019184903721358108,0.0019154069820449477,2.1898685432135153e-06
74,0.0019184903721358108,0.0019155395948606637,2.4074968396748213e-06
75,0.0019184903721358108,0.0019158719031446708,2.4465314429607697e-06
76,0.0019184903721358108,0.0019165201220605742,2.177383794284072e-06
77,0.0019184903721358108,0.0019160269284952314,2.0873556882683404e-06
78,0.0019184903721358108,0.0019159407262799256,2.0345415030395396e-06
79,0.0019184903721358108,0.0019167156200873736,2.043290694159931e-06
80,0.0019184903721358108,0.0019166233380582581,2.079249713076428e-06
81,0.0019184903721358108,0.0019159931908447286,2.271639692680708e-06
82,0.0019184903721358108,0.0019159087162830633,2.4519143664646696e-06
83,0.0019184903721358108,0.0019160789440573554,2.2038816098240346e-06
84,0.0019184903721358108,0.0019170640478822188,1.959644766419332e-06
85,0.0019184903721358108,0.0019162916675414985,2.2208008151420954e-06
86,0.0019184903721358108,0.001916515414338093,2.2896678305470938e-06
87,0.0019184903721358108,0.00191664770020255,2.208373395017153e-06
88,0.0019184903721358108,0.0019169974587047724,2.281780589801584e-06
89,0.0019184903721358108,0.0019170266211928307,2.221854064769303e-06
90,0.0019184903721358108,0.0019173016607438118,2.0545098017820014e-06
91,0.0019184903721358108,0.001917203631749873,1.8186146285928686e-06
92,0.0019184903721358108,0.0019173374291099315,1.8961706435499015e-06
93,0.0019184903721358108,0.0019162726875268416,2.279723068325495e-06
94,0.0019184903721358108,0.0019166048941821152,2.400441066802192e-06
95,0.0019184903721358108,0.001917201632987481,2.1460746997124863e-06
96,0.0019184903721358108,0.0019174574144863378,1.924254715240723e-06
97,0.0019184903721358108,0.0019169097273848113,2.121082967681882e-06
98,0.0019184903721358108,0.0019169641332225321,2.156846906496285e-06
99,0.0019184903721358108,0.0019176377334951347,1.685899299693475e-06
100,0.0019184903721358108,0.0019169933725441562,2.0932706440492386e-06
101,0.0019184903721358108,0.0019169078829449815,2.229303888154732e-06
102,0.0019184903721358108,0.0019176387649373298,1.5524561315098255e-06
103,0.0019184903721358108,0.0019179634386055427,1.3927217805423472e-06
104,0.0019184903721358108,0.0019181185575772302,1.1425144584636421e-06
105,0.0019184903721358108,0.0019178207859602936,1.5313317008963648e-06
106,0.0019184903721358108,0.0019176020373788967,1.550047991632717e-06
107,0.0019184903721358108,0.001917467559645028,1.3857387718171181e-06
108,0.0019184903721358108,0.0019178160459345517,1.297974706356209e-06
109,0.0019184903721358108,0.0019179758570518537,1.2144730074491712e-06
110,0.0019184903721358108,0.001917635619038485,1.4804712051515142e-06
111,0.0019184903721358108,0.0019174978407239115,1.4580424465791684e-06
112,0.0019184903721358108,0.0019174597643754005,1.5074256755726962e-06
113,0.0019184903721358108,0.0019169044788955687,2.1091396349867767e-06
114,0.0019184903721358108,0.0019170613665955196,2.165221719715885e-06
115,0.0019184903721358108,0.0019167882947295981,2.1335060890527477e-06
116,0.0019184903721358108,0.001917279106807276,1.806971087185395e-06
117,0.0019184903721358108,0.0019176771753131878,1.4902911238907534e-06
118,0.0019184903721358108,0.0019178831822272752,1.3545059397908418e-06
119,0.0019184903721358108,0.001917860070030815,1.3345448479015383e-06
120,0.0019184903721358108,0.0019179480462860432,1.3244020662058862e-06
121,0.0019184903721358108,0.0019181150747803715,9.470433292417371e-07
122,0.0019184903721358108,0.001917741254307111,1.9820931960591355e-06
123,0.0019184903721358108,0.001917347312358303,2.185335619727239e-06
124,0.0019184903721358108,0.0019176431612535586,1.8410796843513273e-06
125,0.0019184903721358108,0.001917756609927461,1.3106901958290512e-06
126,0.0019184903721358108,0.0019175589120148328,1.531098423840928e-06
127,0.0019184903721358108,0.0019176283629951613,1.6061050013889791e-06
128,0.0019184903721358108,0.001917139381904565,2.2311361861736683e-06
129,0.0019184903721358108,0.0019178437665373263,1.559655179315848e-06
130,0.0019184903721358108,0.0019182452268955914,7.602374360594521e-07
131,0.0019184903721358108,0.0019182736914580651,6.650465621274543e-07
132,0.0019184903721358108,0.0019180395594893807,1.4131391366827434e-06
133,0.0019184903721358108,0.001917817828892543,1.585605207575432e-06
134,0.0019184903721358108,0.0019178315922754293,1.411340477163684e-06
135,0.0019184903721358108,0.0019177943199916658,1.4896244303255736e-06
136,0.0019184903721358108,0.0019182771196607443,6.537211219583722e-07
137,0.0019184903721358108,0.0019171407219196934,1.2827486147770619e-06
138,0.0019184903721358108,0.0019172441699249994,1.3236039088041457e-06
139,0.0019184903721358108,0.0019172868038595792,1.3682787019089922e-06
140,0.0019184903721358108,0.001917342022336636,1.331214638136918e-06
141,0.0019184903721358108,0.0019176162263845537,1.3515869299243916e-06
142,0.0019184903721358108,0.0019176376394607778,1.342099642957662e-06
143,0.0019184903721358108,0.0019169655245358224,1.7232513763975512e-06
144,0.0019184903721358108,0.0019171312798518735,2.0206755171119176e-06
145,0.0019184903721358108,0.0019167485812931749,1.9670396978868684e-06
146,0.0019184903721358108,0.001916618192245903,2.110958258598249e-06
147,0.0019184903721358108,0.00191677779457764,2.18310353074618e-06
148,0.0019184903721358108,0.0019163769301440204,2.1976183559809964e-06
149,0.0019184903721358108,0.0019164222062444944,2.281534359247284e-06
150,0.0019184903721358108,0.0019158725510764977,2.4569745015944364e-06
151,0.0019184903721358108,0.0019168006666649886,2.3192864470933e-06
152,0.0019184903721358108,0.0019169691895943059,2.16637606050665e-06
153,0.0019184903721358108,0.0019172709794467071,1.9192444095067885e-06
154,0.0019184903721358108,0.0019169934067692909,2.098462939203126e-06
155,0.0019184903721358108,0.001917150342530613,2.107540971864981e-06
156,0.0019184903721358108,0.0019175316863122003,1.9118901431153847e-06
157,0.0019184903721358108,0.0019173938650689831,1.969164922694966e-06
158,0.0019184903721358108,0.0019173009523236447,1.8772512225434636e-06
159,0.0019184903721358108,0.001917375764238144,1.8578097589085683e-06
160,0.0019184903721358108,0.0019177972975342613,1.4598673278510703e-06
161,0.0019184903721358108,0.0019176210826083874,1.6220551828637192e-06
162,0.0019184903721358108,0.001916779053610643,2.187244075425288e-06
163,0.0019184903721358108,0.0019168953854842576,2.1499684526043996e-06
164,0.0019184903721358108,0.0019172228367902535,2.027273576639174e-06
165,0.0019184903721358108,0.0019172115617220517,1.951636632326176e-06
166,0.0019184903721358108,0.001917469683709553,1.898255321706157e-06
167,0.0019184903721358108,0.0019178529622464063,1.536826138199253e-06
168,0.0019184903721358108,0.0019179757121307504,1.3314873007358357e-06
169,0.0019184903721358108,0.0019167019251807285,2.143527659202203e-06
170,0.0019184903721358108,0.0019168542542587514,2.038453822897642e-06
171,0.0019184903721358108,0.0019167748685109543,2.0521631970163276e-06
172,0.0019184903721358108,0.0019162797320645332,2.118080571561119e-06
173,0.0019184903721358108,0.001916116494163652,2.2729814434054097e-06
174,0.0019184903721358108,0.0019166911893877176,2.196024091006418e-06
175,0.0019184903721358108,0.0019162029885255807,2.4169722781508455e-06
176,0.0019184903721358108,0.0019160548436612634,2.2692136013404343e-06
177,0.0019184903721358108,0.0019164882095070227,2.2062654448644407e-06
178,0.0019184903721358108,0.001916228685371088,2.198955541632981e-06
179,0.0019184903721358108,0.0019164486937829287,1.921841134375753e-06
180,0.0019184903721358108,0.0019166528679391262,1.9142740913413024e-06
181,0.0019184903721358108,0.0019166044588742666,2.0560385348610066e-06
182,0.0019184903721358108,0.0019166598013497518,2.025296557070881e-06
183,0.0019184903721358108,0.0019171088368583828,2.0016183518413216e-06
184,0.0019184903721358108,0.0019167650376311835,2.2591709112464954e-06
185,0.0019184903721358108,0.0019162368998237014,2.247423981009394e-06
186,0.0019184903721358108,0.0019164250512588112,2.2207535319024214e-06
187,0.0019184903721358108,0.0019168236399079504,2.080573516207859e-06
188,0.0019184903721358108,0.0019175616385529316,1.6438415046765865e-06
189,0.0019184903721358108,0.0019176111937940815,1.6031709491554046e-06
190,0.0019184903721358108,0.001917536605249172,1.6193528450491517e-06
191,0.0019184903721358108,0.0019176662397836911,1.6410815777590457e-06
192,0.0019184903721358108,0.0019179841218833948,1.399110168600103e-06
193,0.0019184903721358108,0.0019177198922879996,1.780173699314504e-06
194,0.0019184903721358108,0.0019176646998388808,1.9114345194025236e-06
195,0.0019184903721358108,0.0019173010769189807,2.0739783108123917e-06
196,0.0019184903721358108,0.0019170130001328594,2.2276072573310184e-06
197,0.0019184903721358108,0.0019175298161584228,1.8539605522448402e-06
198,0.0019184903721358108,0.0019169470340735773,1.918950541028012e-06
199,0.0019184903721358108,0.0019167811170001789,2.067698650155692e-06
200,0.0019184903721358108,0.0019174529202859605,1.5385634387123955e-06
201,0.0019184903721358108,0.0019175307108186407,1.309139576757332e-06
202,0.0019184903721358108,0.0019171691154794843,2.0105808859998846e-06
203,0.0019184903721358108,0.001917331635575554,1.9225325063324776e-06
204,0.0019184903721358108,0.0019169598848183017,2.114119925055447e-06
205,0.0019184903721358108,0.0019169564595557587,2.0124519080870333e-06
206,0.0019184903721358108,0.0019172988200207239,1.8818905039519675e-06
207,0.0019184903721358108,0.0019173155704562438,1.825512633954413e-06
208,0.0019184903721358108,0.001917295002442374,1.7248610134976258e-06
209,0.0019184903721358108,0.0019176699140831268,1.5234800818238975e-06
210,0.0019184903721358108,0.0019177823989033982,1.444599132866673e-06
211,0.0019184903721358108,0.0019177018664284773,1.5100323817001837e-06
212,0.0019184903721358108,0.001917742578246169,1.3729019587320477e-06
213,0.0019184903721358108,0.0019178765502134434,1.331011614982873e-06
214,0.0019184903721358108,0.0019176386028000097,1.5746163493710352e-06
215,0.0019184903721358108,0.0019178458487144748,1.508958871578741e-06
216,0.0019184903721358108,0.0019176601038543822,1.7232861635633324e-06
217,0.0019184903721358108,0.0019170043708265027,2.0498107244424483e-06
218,0.0019184903721358108,0.0019171404733657454,1.933408231829675e-06
219,0.0019184903721358108,0.0019172587848224252,1.7402543355252385e-06
220,0.0019184903721358108,0.0019173395185359988,1.7426843414977535e-06
221,0.0019184903721358108,0.0019173461268815711,1.8773802562670938e-06
222,0.0019184903721358108,0.0019176489323026818,1.5947614635056014e-06
223,0.0019184903721358108,0.0019173945260513706,1.5412244966249194e-06
224,0.0019184903721358108,0.0019176890429857677,1.1650172324688475e-06
225,0.0019184903721358108,0.001917538470353444,1.3435459684193305e-06
226,0.0019184903721358108,0.0019174876546850098,1.4112139832664488e-06
227,0.0019184903721358108,0.001917755315785982,1.420688147005207e-06
228,0.0019184903721358108,0.0019173262993968446,1.8478953869270834e-06
229,0.0019184903721358108,0.001917438421740359,1.6259192037791209e-06
230,0.0019184903721358108,0.001917689598526188,1.491254042311295e-06
231,0.0019184903721358108,0.001917867891970487,1.3210289604956713e-06
232,0.0019184903721358108,0.0019177246994182282,1.383138147802478e-06
233,0.0019184903721358108,0.0019178733143455562,1.251502265702736e-06
234,0.0019184903721358108,0.001917882013755879,1.2396100594015331e-06
235,0.0019184903721358108,0.0019175274721844901,1.583861131489247e-06
236,0.0019184903721358108,0.0019173876076489418,1.67506548742212e-06
237,0.0019184903721358108,0.0019173872897113567,1.7929908297836314e-06
238,0.0019184903721358108,0.001917103182669799,1.8488034947964976e-06
239,0.0019184903721358108,0.001916972582344035,1.8767648787523065e-06
240,0.0019184903721358108,0.0019173074320915384,1.691407815058393e-06
241,0.0019184903721358108,0.0019170601454734993,2.124867227730941e-06
242,0.0019184903721358108,0.001917424663443283,1.7702763331264597e-06
243,0.0019184903721358108,0.0019174721979166509,1.8778064097170023e-06
244,0.0019184903721358108,0.0019177873187427507,1.6435781247056715e-06
245,0.0019184903721358108,0.0019178269009810262,1.4272126811659073e-06
246,0.0019184903721358108,0.0019155309036670081,2.5211464264547863e-06
247,0.0019184903721358108,0.0019156910625596484,2.551363704010322e-06
248,0.0019184903721358108,0.0019162105087110512,2.3806926725207847e-06
249,0.0019184903721358108,0.0019161202381878994,2.546903286658545e-06
250,0.0019184903721358108,0.001916106809481698,2.608949180818272e-06
251,0.0019184903721358108,0.0019160445333624336,2.593509672603459e-06
252,0.0019184903721358108,0.001915676533688959,2.4789501009823767e-06
253,0.0019184903721358108,0.0019156452839523544,2.4471099259225143e-06
254,0.0019184903721358108,0.0019155540546447085,2.3444532416888257e-06
255,0.0019184903721358108,0.0019161946157087606,2.1509398890127654e-06
256,0.0019184903721358108,0.0019163504110796044,2.2158206586762624e-06
257,0.0019184903721358108,0.0019165730671430092,1.997087472252357e-06
258,0.0019184903721358108,0.001916178570394416,2.1748673012422785e-06
259,0.0019184903721358108,0.0019167178878213458,1.9642276399676947e-06
260,0.0019184903721358108,0.001917033822186201,1.8187334076717323e-06
261,0.0019184903721358108,0.0019172823369341657,1.7106447505046037e-06
262,0.0019184903721358108,0.0019177285912285777,1.398645375262932e-06
263,0.0019184903721358108,0.0019176984460589391,1.3853413860677204e-06
264,0.0019184903721358108,0.0019170516146622687,1.5364185940340606e-06
265,0.0019184903721358108,0.0019172443802272477,1.4296287619261357e-06
266,0.0019184903721358108,0.0019176818710355265,1.2954768866211133e-06
267,0.0019184903721358108,0.0019178445057772408,1.15332793607104e-06
268,0.0019184903721358108,0.001917907939873284,1.0335727356363316e-06
269,0.0019184903721358108,0.001915981265747512,2.6952587849280998e-06
270,0.0019184903721358108,0.001916198826510971,2.6542607047261757e-06
271,0.0019184903721358108,0.0019162869615566547,2.46597465673518e-06
272,0.0019184903721358108,0.0019169083399389907,2.323187768222004e-06
273,0.0019184903721358108,0.0019168887351505202,2.508266949276359e-06
274,0.0019184903721358108,0.0019179859791206445,1.3433583097380056e-06
275,0.0019184903721358108,0.0019169686099614824,2.1120370789752067e-06
276,0.0019184903721358108,0.0019170938421567963,2.036693037343448e-06
277,0.0019184903721358108,0.001917505270739298,1.938471988165453e-06
278,0.0019184903721358108,0.0019175866788552183,1.9649487401370912e-06
279,0.0019184903721358108,0.0019172781791503796,2.084667489687947e-06
280,0.0019184903721358108,0.001917522040399556,1.5783569668465046e-06
281,0.0019184903721358108,0.001917642195562726,1.6704379361390717e-06
282,0.0019184903721358108,0.0019178857513372266,1.4901963497881016e-06
283,0.0019184903721358108,0.001917746295578963,1.5987137160925187e-06
284,0.0019184903721358108,0.0019180571498836369,1.3560335813838213e-06
285,0.0019184903721358108,0.0019181210173083503,1.0677267576628782e-06
286,0.0019184903721358108,0.0019181120771996016,1.0784670700882184e-06
287,0.0019184903721358108,0.0019180571498836369,1.3560335813838213e-06
288,0.0019184903721358108,0.0019181040896372376,1.088076724066219e-06
289,0.0019184903721358108,0.0019180194451341955,1.3696053297541163e-06
290,0.0019184903721358108,0.0019180942982896518,1.285066774068572e-06
291,0.0019184903721358108,0.0019179033620261032,1.3575975586464968e-06
292,0.0019184903721358108,0.001918015913304376,1.175936153347391e-06
293,0.0019184903721358108,0.0019179334737868625,1.2796933034155918e-06
294,0.0019184903721358108,0.0019182192528035625,9.194103880571743e-07
295,0.0019184903721358108,0.001917964444566101,1.3790331219691237e-06
296,0.0019184903721358108,0.0019178318378738548,1.3661748005105182e-06
297,0.0019184903721358108,0.0019175413422650477,1.778910128517856e-06
298,0.0019184903721358108,0.00191765826881233,1.751295000489085e-06
299,0.0019184903721358108,0.0019173006082254965,2.092573942679917e-06
300,0.0019184903721358108,0.0019173693522340097,2.1166818335697297e-06
301,0.0019184903721358108,0.0019165857399311736,2.255455619376777e-06
302,0.0019184903721358108,0.001916630643199934,2.135619076305983e-06
303,0.0019184903721358108,0.0019166671100311803,2.1353553263912596e-06
304,0.0019184903721358108,0.0019165104243541733,2.2472957902972296e-06
305,0.0019184903721358108,0.0019163582248122623,1.9893648436785878e-06
306,0.0019184903721358108,0.0019162150751893113,2.067729631621805e-06
307,0.0019184903721358108,0.001917056163754559,1.8707528219710125e-06
308,0.0019184903721358108,0.0019162896453913433,2.046356470018285e-06
309,0.0019184903721358108,0.0019164524832751897,2.04419073324017e-06
310,0.0019184903721358108,0.0019166948536030193,2.005808583057239e-06
311,0.0019184903721358108,0.0019168734739453792,1.9659464350550115e-06
312,0.0019184903721358108,0.0019160658792638633,1.8831562421455017e-06
313,0.0019184903721358108,0.0019163186821025732,1.940130234566499e-06
314,0.0019184903721358108,0.0019164593231410293,1.932312666611439e-06
315,0.0019184903721358108,0.0019164914847464493,1.7968630005176046e-06
316,0.0019184903721358108,0.001916723782811266,1.7397282813537924e-06
317,0.0019184903721358108,0.0019173694541461423,1.6159130427606226e-06
318,0.0019184903721358108,0.001917272304460166,1.3507682177686266e-06
319,0.0019184903721358108,0.001917545750729713,1.2623510981451165e-06
320,0.0019184903721358108,0.0019177720024698686,1.0758083257900767e-06
321,0.0019184903721358108,0.0019176558421904201,1.083861382614852e-06
322,0.0019184903721358108,0.0019170267161460746,1.5711967880124566e-06
323,0.0019184903721358108,0.001917514125417929,1.5479044003352558e-06
324,0.0019184903721358108,0.0019169908629119161,2.2446717846507394e-06
325,0.0019184903721358108,0.0019173973153441693,2.163146649646726e-06
326,0.0019184903721358108,0.0019174448253762965,2.111713723143856e-06
327,0.0019184903721358108,0.0019174235024843444,2.0170190317289477e-06
328,0.0019184903721358108,0.0019174601397337976,2.0161509221543594e-06
329,0.0019184903721358108,0.0019169806040478718,2.2940898028996556e-06
330,0.0019184903721358108,0.0019175602612566528,1.901364068922697e-06
331,0.0019184903721358108,0.0019170932724757095,2.1971146019709183e-06
332,0.0019184903721358108,0.0019171237622328736,2.0779148808322885e-06
333,0.0019184903721358108,0.0019172430348139203,2.147420342025519e-06
334,0.0019184903721358108,0.0019167487530589188,2.4010290461592952e-06
335,0.0019184903721358108,0.0019169190453103575,2.228708311633674e-06
336,0.0019184903721358108,0.0019163230041072071,2.3765792218788904e-06
337,0.0019184903721358108,0.0019168915248881041,2.3260241272258637e-06
338,0.0019184903721358108,0.0019173376635793393,2.020985421313315e-06
339,0.0019184903721358108,0.0019166201080248278,2.364903240351528e-06
340,0.0019184903721358108,0.001916857907817928,2.2369051323087623e-06
341,0.0019184903721358108,0.0019174647323171531,1.8818499948497854e-06
342,0.0019184903721358108,0.001917446859279085,1.8354027870952021e-06
343,0.0019184903721358108,0.0019178498033326364,1.5175094268821511e-06
344,0.0019184903721358108,0.0019177357887453594,1.3805720740291302e-06
345,0.0019184903721358108,0.001918163761356746,8.512397115185158e-07
346,0.0019184903721358108,0.0019179642235510736,1.168912001087795e-06
347,0.0019184903721358108,0.001918153112642737,7.043826387249954e-07
348,0.0019184903721358108,0.001918028114518916,1.0510113749806828e-06
349,0.0019184903721358108,0.0019179211834498468,1.2336647837754053e-06
350,0.0019184903721358108,0.0019177523834538052,1.0944072678350665e-06
351,0.0019184903721358108,0.0019178308790089242,1.0436589051778405e-06
352,0.0019184903721358108,0.00191741586644011,1.2316922656916314e-06
353,0.0019184903721358108,0.0019178275273321187,1.1087006287025838e-06
354,0.0019184903721358108,0.0019175133871449734,1.3835585263466828e-06
355,0.0019184903721358108,0.0019169278469156773,1.650555924531342e-06
356,0.0019184903721358108,0.0019166304824214846,1.7163885052760977e-06
357,0.0019184903721358108,0.0019169843747324994,1.6289140310034656e-06
358,0.0019184903721358108,0.001916909299275651,1.7546163436194799e-06
359,0.0019184903721358108,0.0019170492803118621,1.8452693959845845e-06
360,0.0019184903721358108,0.0019175099074216734,1.6696729801361319e-06
361,0.0019184903721358108,0.0019177181022352243,1.4965463995124988e-06
362,0.0019184903721358108,0.0019179310583333667,1.2157042918878043e-06
363,0.0019184903721358108,0.001917924949026471,1.0673558993229721e-06
364,0.0019184903721358108,0.0019178586246289037,1.1981575508399263e-06
365,0.0019184903721358108,0.0019179381709928144,1.1063091659025784e-06
366,0.0019184903721358108,0.0019181487598068261,9.826307814189095e-07
367,0.0019184903721358108,0.0019175173445909527,1.793726457417052e-06
368,0.0019184903721358108,0.0019175091745972542,1.763824247550739e-06
369,0.0019184903721358108,0.0019171607033203588,1.8898785671817076e-06
370,0.0019184903721358108,0.0019173619474647748,1.8486064783123304e-06
371,0.0019184903721358108,0.001917528514385645,1.6804593512210253e-06
372,0.0019184903721358108,0.0019178511937453949,1.4173980269990949e-06
373,0.0019184903721358108,0.0019177055293394735,1.5508122813529167e-06
374,0.0019184903721358108,0.0019171013872066006,1.830534651971696e-06
375,0.0019184903721358108,0.001917658160677826,1.472401181971833e-06
376,0.0019184903721358108,0.0019179207236271042,1.251840209631291e-06
377,0.0019184903721358108,0.001918141577705021,9.738297129730618e-07
378,0.0019184903721358108,0.0019181090709257226,9.117343011237105e-07
379,0.0019184903721358108,0.0019180776205831274,1.0275127200940447e-06
380,0.0019184903721358108,0.0019180524343477003,9.72237440602957e-07
381,0.0019184903721358108,0.0019181795347510628,8.45497043867361e-07
382,0.0019184903721358108,0.001917947405862519,1.0470056777008218e-06
383,0.0019184903721358108,0.0019182305887526319,7.222329017484567e-07
384,0.0019184903721358108,0.0019182111540616226,7.760999395872965e-07
385,0.0019184903721358108,0.00191825096714687,6.611558760965198e-07
386,0.0019184903721358108,0.0019182773126159853,7.676978522096465e-07
387,0.0019184903721358108,0.0019182303356299574,7.876508721304923e-07
388,0.0019184903721358108,0.0019181831939302826,6.737893594540572e-07
389,0.0019184903721358108,0.001917669644570386,1.566845053339566e-06
390,0.0019184903721358108,0.0019174952349733812,1.762034854930153e-06
391,0.0019184903721358108,0.0019171277379080834,1.9830839032623607e-06
392,0.0019184903721358108,0.001916744304619038,1.97700497115605e-06
393,0.0019184903721358108,0.0019168172282065877,1.9583838493235737e-06
394,0.0019184903721358108,0.0019169555583938803,2.0325154856115482e-06
395,0.0019184903721358108,0.0019173267040327418,1.9304498655834678e-06
396,0.0019184903721358108,0.001917750013492797,1.506099589422794e-06
397,0.0019184903721358108,0.0019178911152022199,1.395401067507548e-06
398,0.0019184903721358108,0.0019179509868318312,1.2498679407486446e-06
399,0.0019184903721358108,0.001917945439042103,1.1665474898171744e-06
400,0.0019184903721358108,0.0019179936913628387,1.141019384945104e-06
401,0.0019184903721358108,0.0019179369265646348,1.184663303459402e-06
402,0.0019184903721358108,0.0019175460890066308,1.5465620540154771e-06
403,0.0019184903721358108,0.0019171920219098726,1.931557818063113e-06
404,0.0019184903721358108,0.0019169949242642684,1.9678152391222615e-06
405,0.0019184903721358108,0.0019168210768968647,1.9379045747977657e-06
406,0.0019184903721358108,0.0019168438132957963,1.8359628655228753e-06
407,0.0019184903721358108,0.0019169246320877064,1.7041714066937833e-06
408,0.0019184903721358108,0.001917311192851468,1.449927175712834e-06
409,0.0019184903721358108,0.0019177083881599594,1.1986773265326115e-06
410,0.0019184903721358108,0.0019177437047291188,1.2687983849442072e-06
411,0.0019184903721358108,0.001917815274409667,1.3244906388853713e-06
412,0.0019184903721358108,0.001917757253770023,1.6423188006537243e-06
413,0.0019184903721358108,0.0019182176222283978,1.0356669370143764e-06
414,0.0019184903721358108,0.0019180020879056103,1.4872930589833542e-06
415,0.0019184903721358108,0.0019183334582057673,7.688215776771345e-07
416,0.0019184903721358108,0.0019178184787771815,1.565425224885414e-06
417,0.0019184903721358108,0.0019169357426889796,2.134510103176986e-06
418,0.0019184903721358108,0.0019170872595284535,1.9210967416486816e-06
419,0.0019184903721358108,0.0019174351648092247,1.5588318713317715e-06
420,0.0019184903721358108,0.0019171693143110132,1.6645972467959699e-06
421,0.0019184903721358108,0.0019173242659232665,1.7203362020642592e-06
422,0.0019184903721358108,0.0019174147466174969,1.7424797333596224e-06
423,0.0019184903721358108,0.0019176967712444574,1.492246607602595e-06
424,0.0019184903721358108,0.0019176906710714448,1.5075065039522797e-06
425,0.0019184903721358108,0.0019177742359929536,1.3655011806250086e-06
426,0.0019184903721358108,0.0019176941825093407,1.3628229583895828e-06
427,0.0019184903721358108,0.0019171993046640668,1.7026107383424753e-06
428,0.0019184903721358108,0.0019172482042512935,1.7011656719478699e-06
429,0.0019184903721358108,0.0019175369627287733,1.684471028981569e-06
430,0.0019184903721358108,0.0019170216964772824,1.912666796341521e-06
431,0.0019184903721358108,0.0019167196319497932,1.9561540754493992e-06
432,0.0019184903721358108,0.0019167713437444783,2.0409758883464384e-06
433,0.0019184903721358108,0.0019171787869619514,1.8428473844457008e-06
434,0.0019184903721358108,0.0019174307800603502,1.6763424129640047e-06
435,0.0019184903721358108,0.0019170121249778036,2.1202888716755154e-06
436,0.0019184903721358108,0.001917383212612592,1.660327334796502e-06
437,0.0019184903721358108,0.0019168551086460354,2.2485325578417792e-06
438,0.0019184903721358108,0.0019169386176027875,2.1813780375587523e-06
439,0.0019184903721358108,0.0019171123211694117,2.085160978926717e-06
440,0.0019184903721358108,0.0019166083710397406,2.375065863275015e-06
441,0.0019184903721358108,0.0019169429162002045,2.116318152059038e-06
442,0.0019184903721358108,0.001916482981015156,2.0809000838274583e-06
443,0.0019184903721358108,0.0019161421777729643,2.2347406414978096e-06
444,0.0019184903721358108,0.0019167689210116648,2.2333483217796105e-06
445,0.0019184903721358108,0.001916684282812569,2.2668350881941415e-06
446,0.0019184903721358108,0.0019166181824313599,2.3131405415001885e-06
447,0.0019184903721358108,0.0019166981064039365,2.2046696769589666e-06
448,0.0019184903721358108,0.0019175442743831553,1.6577054385323082e-06
449,0.0019184903721358108,0.0019172770179936931,1.81574020064867e-06
450,0.0019184903721358108,0.0019174362428868953,1.7930092505044838e-06
451,0.0019184903721358108,0.0019171593193084654,1.7461259493659027e-06
452,0.0019184903721358108,0.0019171645444659253,1.7074826299820197e-06
453,0.0019184903721358108,0.0019173617971644332,1.6997449421246201e-06
454,0.0019184903721358108,0.0019181470102785287,1.06586764226243e-06
455,0.0019184903721358108,0.0019179904231895024,1.2262544357824585e-06
456,0.0019184903721358108,0.0019179442771956729,1.323387485036503e-06
457,0.0019184903721358108,0.0019181514890037681,1.0016352025459168e-06
458,0.0019184903721358108,0.0019177399949497967,1.2393323486965374e-06
459,0.0019184903721358108,0.0019177545419859193,1.179744385716827e-06
460,0.0019184903721358108,0.0019178602884325807,1.1748042872022903e-06
461,0.0019184903721358108,0.0019177616736590544,1.111947909187078e-06
462,0.0019184903721358108,0.0019177300246303248,1.1758543873811348e-06
463,0.0019184903721358108,0.0019169089095801167,1.77837254977355e-06
464,0.0019184903721358108,0.001916416784734272,2.1509116395454464e-06
465,0.0019184903721358108,0.0019167674668096285,2.1777288497140224e-06
466,0.0019184903721358108,0.0019162750502832214,2.5463104375754875e-06
467,0.0019184903721358108,0.001916493924538996,2.5243560590189755e-06
468,0.0019184903721358108,0.0019159318758629606,2.490772039177306e-06
469,0.0019184903721358108,0.0019159091448523792,2.3429258568532394e-06
470,0.0019184903721358108,0.0019165654293125198,2.341975444934907e-06
471,0.0019184903721358108,0.0019168156973756528,2.3401785447378395e-06
472,0.0019184903721358108,0.001917087294293553,2.1787087857563555e-06
473,0.0019184903721358108,0.0019174417683286004,1.8809040262033447e-06
474,0.0019184903721358108,0.0019174091661785131,1.8166266192792568e-06
475,0.0019184903721358108,0.0019172211000521291,1.878813819413496e-06
476,0.0019184903721358108,0.0019171600356637012,1.873271765278381e-06
477,0.0019184903721358108,0.0019173264533991208,1.7312408719859486e-06
478,0.0019184903721358108,0.001917538161417396,1.708404292878332e-06
479,0.0019184903721358108,0.001916875054258656,2.0028970773083524e-06
480,0.0019184903721358108,0.0019166252851576119,2.323954086903622e-06
481,0.0019184903721358108,0.0019176046779701328,1.5784619990463548e-06
482,0.0019184903721358108,0.0019173732190529088,1.772799357203245e-06
483,0.0019184903721358108,0.0019173829542849508,1.6746806363046607e-06
484,0.0019184903721358108,0.0019171920821683338,1.8159388289467106e-06
485,0.0019184903721358108,0.0019171613609028338,1.7942870495696028e-06
486,0.0019184903721358108,0.00191733601184591,1.6780143802487807e-06
487,0.0019184903721358108,0.0019169513124736425,1.7601661316344569e-06
488,0.0019184903721358108,0.0019171820257117824,1.8467346554676722e-06
489,0.0019184903721358108,0.0019165138366256664,2.0605897385167583e-06
490,0.0019184903721358108,0.001915863792893574,2.3721818900035326e-06
491,0.0019184903721358108,0.0019162332005030936,2.3729224876439205e-06
492,0.0019184903721358108,0.0019164704636346589,2.33677561487682e-06
493,0.0019184903721358108,0.0019167174660346766,2.355487462059282e-06
494,0.0019184903721358108,0.0019163366400333005,2.248328161917379e-06
495,0.0019184903721358108,0.001916905073912572,1.899688523717221e-06
496,0.0019184903721358108,0.0019168884522788212,1.8657568003426758e-06
497,0.0019184903721358108,0.0019167612665380509,1.9328226517345386e-06
498,0.0019184903721358108,0.0019166456880699504,2.0186050661288756e-06
499,0.0019184903721358108,0.001917039874289861,1.9721280390599355e-06
