epoch,best,mean,std
0,0.9686773554139855,0.16206351684316703,0.3166613206411243
1,0.9470339915503795,0.5351854306460857,0.23716881833093978
2,0.6606757835616552,0.20214682955347152,0.2768847190469403
3,0.6241556351291431,0.27826996713148927,0.28261789867006387
4,0.9664013246548228,0.3403551341325881,0.3566041670862981
5,0.6013622549991892,0.32861803887814367,0.25887987516586425
6,0.9555344005189934,0.265469835324047,0.3246097367067736
7,0.9664013246548228,0.4210508873006143,0.44325478271413743
8,0.9555433574847044,0.4396982730217021,0.3818886770323089
9,0.9663690553838205,0.5742725778639907,0.3015481216741728
10,0.9664013246548228,0.3686420849426356,0.33674922186644396
11,0.9664013246548228,0.37859147969921536,0.39431196789251
12,0.6628875297276153,0.3927054801526921,0.2900309966027729
13,0.6155862228451073,0.40816719395107237,0.25290357681751047
14,0.9664013246548228,0.3948789567652194,0.35375678554638024
15,0.9663690553838205,0.3779654672542175,0.39817444910750616
16,0.9664013246548228,0.4720777831161386,0.3836836743706502
17,0.6628911969231397,0.29703740388132754,0.28516532251744586
18,0.9663079241623358,0.3264836362765073,0.3685302413200552
19,0.9664013246548228,0.3485133071585106,0.3272317742923894
20,0.9663690553838205,0.37795961997320454,0.3981604191296055
21,0.9664013246548228,0.3778263645123824,0.39830676098087314
22,0.9663690553838205,0.5021790016260967,0.416619433866359
23,0.5085515342412706,0.22430195567730005,0.23208540214904513
24,0.9663690553838205,0.3485096416896875,0.327220772298347
25,0.6013635811940945,0.223662033949132,0.2670753256077708
26,0.9663690553838205,0.4300455197683506,0.341910802613955
27,0.9663690553838205,0.3265022263911419,0.3685344631436649
28,0.9663690553838205,0.6181989914854371,0.3185178641183394
29,0.9663381965253696,0.348517350114187,0.32719935715349063
30,0.9663381965253696,0.2832243914395344,0.4119331239831133
31,0.9663381965253696,0.40743150774843523,0.456345400568079
32,0.9663381965253696,0.4426234097112571,0.3182295507402684
33,0.9663381965253696,0.34852494852870597,0.3271966942709569
34,0.662884022741792,0.20022678885969605,0.27902993962078393
35,0.9695767369527767,0.5191609414829147,0.3695072915985601
36,0.9684398151886235,0.3505932352028399,0.32733649726877423
37,0.9695767369527767,0.3507767612155445,0.3517129137604942
38,0.6631226966828508,0.48625557774791883,0.18946830713153884
39,0.6189763289594619,0.4399465440922865,0.25019919994548173
40,0.6189763289594619,0.34522750407016917,0.29264999367289923
41,0.6155706659753256,0.3995318107448456,0.26294490660492675
42,0.6155706659753256,0.3043665476514847,0.2911047970302178
43,0.968933150540037,0.25214423473440656,0.3374558734258739
44,0.968933150540037,0.15697897164104563,0.3184746309499358
45,0.6012583106777585,0.2217947329713354,0.26832126900952014
46,0.6155706659753256,0.3043665476514847,0.2911047970302178
47,0.968933150540037,0.4204417627541264,0.3430588163706883
48,0.968933150540037,0.4204417627541263,0.3430588163706883
49,0.5078892595849285,0.1272282072114848,0.1903305261867219
50,0.6012583106777585,0.2217945793344849,0.26832137764777286
51,0.968933150540037,0.3939573374524986,0.3556113288699012
52,0.968933150540037,0.5019094358263193,0.41906657137240877
53,0.5078892595849285,0.1272282072114848,0.1903305261867219
54,0.968933150540037,0.25214423473440656,0.3374558734258739
55,0.968933150540037,0.2836274031539826,0.4127337557902894
56,0.6631786741920733,0.2986196224310505,0.28373583171917643
57,0.968933150540037,0.42082937275927595,0.3427554563913302
58,0.968933150540037,0.5020863295475103,0.4183810824102685
59,0.9688104330717189,0.3259652534318179,0.36991546313930146
60,0.9688104330717189,0.15828321338496645,0.3179820099956932
61,0.9674830545720186,0.2528728486504403,0.3364743273974481
62,0.9688104330717189,0.3772783744330529,0.39980964728437
63,0.6012633439372449,0.3175696006040776,0.2680233665692505
64,0.9674830545720186,0.3470608681839217,0.35417732611308195
65,0.9674830545720186,0.44208602993567664,0.3192169017733079
66,0.9674830545720186,0.5149603375092737,0.3125794988526557
67,0.9688104330717189,0.42088913104775333,0.3425310613850847
68,0.9688104330717189,0.3944703947635212,0.3550309429114733
69,0.9674830545720186,0.5453407616012014,0.3483114056977579
70,0.9674830545720186,0.15804031619644593,0.31748976063178586
71,0.9708914168342035,0.5025499639104785,0.4181535750442882
72,0.9708914168342035,0.32569895830814916,0.37075517666890323
73,0.9708914168342035,0.28140418481843443,0.4147405239142592
74,0.9708914168342035,0.348067898040476,0.3286968103537894
75,0.9708914168342035,0.45024478570465887,0.40629861836688796
76,0.9708914168342035,0.4204062658900376,0.34347729244077485
77,0.9653665245129042,0.4415343024713104,0.2898865384903478
78,0.6634006903336761,0.3905327093446139,0.26160157380374127
79,0.6245401588918571,0.26859079986663326,0.2906376338738895
80,0.9708914168342035,0.44160083012271606,0.3212814253562266
81,0.5073846237588656,0.22132467279129714,0.23357141388532032
82,0.9708914168342035,0.3255267552656373,0.37107067540253286
83,0.9708914168342035,0.2816766202950436,0.4156167202766667
84,0.9708914168342035,0.3763713272250229,0.40209438593756175
85,0.6634006903336761,0.4632856385884648,0.26798172144379795
86,0.5073846237588656,0.12546196172796648,0.19096133101544954
87,0.5073846237588656,0.22287022817373234,0.23241163797982864
88,0.9708914168342035,0.29052866640750385,0.4104593800179685
89,0.9708914168342035,0.41020054634190856,0.4578968587222667
90,0.9708914168342035,0.37476412885356164,0.39533319610282625
91,0.6634006903336761,0.38985446566594045,0.26200937221435877
92,0.9708914168342035,0.3245081447618002,0.37187085943201503
93,0.9708914168342035,0.5147467386554395,0.31431087875065894
94,0.6011780599895034,0.31586088298438697,0.2694640921298746
95,0.9708914168342035,0.25091664447649464,0.33883910635636844
96,0.9708914168342035,0.3763713272250229,0.40209438593756175
97,0.9708914168342035,0.5153124239131555,0.28400002448146544
98,0.6634006903336761,0.2943872983607842,0.28751398005858375
99,0.9708914168342035,0.3458438990269029,0.35640937849454746
100,0.6634113752471027,0.29436331076612754,0.28754231541169123
101,0.6634113752471027,0.19887597590723527,0.2801253883161949
102,0.9708914168342035,0.4213367467217648,0.34276603462380817
103,0.9709857269660805,0.379030151909587,0.4011974530347261
104,0.9709857269660805,0.420736745564443,0.34229121553706293
105,0.9495068506131711,0.49195102645488,0.33666672951685445
106,0.9495068506131711,0.42644368437714414,0.3399779023685062
107,0.6609602721240975,0.20372221806407967,0.27586456777677376
108,0.5129502364587607,0.1368316484939114,0.18826555361892613
109,0.5129502364587607,0.23579110959285662,0.22521457483739263
110,0.6609602721240975,0.3973162905098311,0.2834633377229953
111,0.9495068506131711,0.1719333678327307,0.30500236497707334
112,0.6617886423676715,0.3070167949275821,0.27680623328677173
113,0.9495068506131711,0.4475041381206143,0.30695316393558514
114,0.9567309832542805,0.5736878078069847,0.3881755920229659
115,0.9567309832542805,0.5038313317791815,0.402260764101221
116,0.9495068506131711,0.4544953328363594,0.38982177682081987
117,0.9495068506131711,0.6165705284267083,0.3067767195325022
118,0.6609602721240975,0.21419316534035013,0.2694235056659459
119,0.9495068506131711,0.3301715712590282,0.3512812316299251
120,0.9495068506131711,0.2921992385143906,0.3963714038502047
121,0.9495068506131711,0.264643153147034,0.32354491498670196
122,0.9495068506131711,0.1726887635873396,0.30469312186588715
123,0.6020613597946946,0.23616422779382737,0.2587283594500928
124,0.9495068506131711,0.49682655703111617,0.3275581185586453
125,0.9495068506131711,0.41177051190940456,0.43905990654769184
126,0.6020613597946946,0.42007849072512754,0.22442050212065723
127,0.6609602721240975,0.37732867984098667,0.3032149263967303
128,0.9495068506131711,0.3565975427067285,0.3156160737296692
129,0.6609602721240975,0.30720787381033204,0.2761401863386858
130,0.6020613597946946,0.42005900082409675,0.22447467882451833
131,0.6609602721240975,0.3773440111384218,0.3031985415339829
132,0.6609602721240975,0.30720787381033204,0.2761401863386858
133,0.9495068506131711,0.49683915476803775,0.32756442985551065
134,0.9495068506131711,0.4917496020854574,0.2960651750261283
135,0.9692730008813878,0.2890455882327031,0.4043619446173925
136,0.9692730008813878,0.2605216583748029,0.3322129963077496
137,0.9692730008813878,0.42422899107921863,0.34038068482897993
138,0.9495068506131711,0.4693992976100596,0.35182759922027584
139,0.6020613597946946,0.3237982598229946,0.26374105238198636
140,0.9692730008813878,0.42935383543981204,0.3334271437896467
141,0.9495068506131711,0.574386763219093,0.38593136294352237
142,0.6012443743202005,0.41834394896349575,0.2266414957224756
143,0.6632172253264811,0.3722382135621766,0.3099498997747814
144,0.9495068506131711,0.25788635558708356,0.3266110870742017
145,0.9692730008813878,0.6112851338212301,0.20169552354385312
146,0.507801609808508,0.13564936129007235,0.186326208705311
147,0.9692730008813878,0.6200057957798839,0.3143950009901298
148,0.9692730008813878,0.38348409470202954,0.39022433278576507
149,0.9495068506131711,0.3498993917555391,0.34539088606337637
150,0.963386644847295,0.42183016857008554,0.3398271306031311
151,0.963386644847295,0.16537425960019012,0.313152956479542
152,0.963386644847295,0.5449284640573774,0.3408429570954721
153,0.9692730008813878,0.35373629413563423,0.32380723549604795
154,0.963386644847295,0.4221270324106833,0.33958327213277856
155,0.9692730008813878,0.2863427813263718,0.41009817843430707
156,0.9692730008813878,0.16007308623638436,0.31740718215210745
157,0.6012443743202005,0.2240703482122215,0.2667142309123578
158,0.6189771180617107,0.4439891225323589,0.24369796883242958
159,0.9692730008813878,0.4743621527761521,0.3244967295374562
160,0.9692730008813878,0.32955257072843575,0.367339719489621
161,0.6632172253264811,0.30230572164126823,0.2821472116940356
162,0.9488664747179517,0.3925253492661326,0.34998133312408974
163,0.6020880487282565,0.41727539233642397,0.2614080468546723
164,0.9585401899994649,0.25768688823031743,0.3316591167992611
165,0.9488664747179517,0.2583979766045148,0.3268588590341972
166,0.9488664747179517,0.3311134735284547,0.35813524026728527
167,0.9585401899994649,0.5750358786082587,0.38648844796141835
168,0.9488664747179517,0.35443701896837976,0.316848995599652
169,0.9488664747179517,0.5458461136904182,0.3352181314954373
170,0.9488664747179517,0.4962432464217556,0.32807439727986976
171,0.9488664747179517,0.3569112738712093,0.31517020405378987
172,0.6608866462508628,0.30760102986961946,0.2757914246123689
173,0.9488664747179517,0.42693135142535454,0.3287370764004682
174,0.9488664747179517,0.4477983244645474,0.306571144192666
175,0.513118786213778,0.1457350076827061,0.18369188926553595
176,0.6608866462508628,0.21575508523685136,0.2684244309506668
177,0.9488664747179517,0.40133792699310367,0.3408407292511883
178,0.9634898117484335,0.4288811296960855,0.33185552813545866
179,0.5092972695944511,0.1380953531266802,0.18576771493093305
180,0.9488664747179517,0.44333089369153617,0.3119812677415468
181,0.6020880487282565,0.2302239107196104,0.26302548329127845
182,0.9634898117484335,0.2616833178788106,0.33075926129726146
183,0.6625600007006576,0.21054603614368878,0.2726729623666643
184,0.9634898117484335,0.6124257317436365,0.27850791284996895
185,0.9488664747179517,0.6799286529901624,0.10895917361803663
186,0.9634898117484335,0.4465490289570614,0.31390798254222646
187,0.9488664747179517,0.35148494905876826,0.34388304956524657
188,0.9634898117484335,0.3850961335574213,0.3913622027575407
189,0.5092972695944511,0.13857255680240685,0.18550033297511434
190,0.9488664747179517,0.513999198167682,0.30681203544199315
191,0.6020880487282565,0.324202571204523,0.26334628310095964
192,0.6241854190185139,0.46367424273740226,0.2497246070819557
193,0.9488664747179517,0.4931838716258715,0.2934136579260407
194,0.9488664747179517,0.5156707277943776,0.30299727425897516
195,0.6608866462508628,0.39683838752590855,0.2839720385010809
196,0.9488664747179517,0.17228018720228383,0.30471996699549025
197,0.9425162779286194,0.6810133120140203,0.21409094180930285
198,0.9425162779286194,0.3457799121127652,0.34733056702576653
199,0.9756790095220498,0.48299035255359957,0.3477874194728913
200,0.9756790095220498,0.41169838850616614,0.4426711063897736
201,0.6023534632129506,0.41768153357337795,0.22661867322691076
202,0.9525069005086325,0.43633442231001734,0.3298310708281481
203,0.9425162779286194,0.447124067376403,0.3054090294730977
204,0.9503676167319292,0.4538976960734105,0.38841676964892596
205,0.9525069005086325,0.45370454481361744,0.3891325900367999
206,0.9525069005086325,0.2944911235978681,0.3963339618848807
207,0.9525069005086325,0.5708545404078064,0.3889552994586329
208,0.9525069005086325,0.35571929769158156,0.31730211281008663
209,0.6610591865471726,0.3977676695426661,0.2531140555579958
210,0.6610591865471726,0.31100736007851487,0.2727365248369471
211,0.9525069005086325,0.38227020347976554,0.3868429239478257
212,0.9525069005086325,0.6454870780038074,0.3198372801630006
213,0.6613047712681963,0.22162654038907964,0.26561456455646637
214,0.5121620823667756,0.149434045605973,0.18188628749816843
215,0.9525069005086325,0.1725848261087681,0.30603779234889383
216,0.9525069005086325,0.3830268755690597,0.386027015413634
217,0.9525069005086325,0.29056669120573037,0.39916496507400845
218,0.6613047712681963,0.46842460396309443,0.2587331182531996
219,0.9525069005086325,0.492427431739531,0.29577340453816736
220,0.9525069005086325,0.17021392587793002,0.30684054946065353
221,0.6613047712681963,0.30985013291793145,0.2782007537377892
222,0.9525069005086325,0.49770964756022756,0.2924398522132857
223,0.9525069005086325,0.3914375421395435,0.37935407828108786
224,0.9525069005086325,0.5203200127040022,0.3576405487490339
225,0.04986116055012979,0.04986116055012979,0.0
226,0.04986116055012979,0.04980984953768492,0.00019198822873719003
227,0.9525069005086325,0.17021392587793002,0.30684054946065353
228,0.9525069005086325,0.5312722218613312,0.45031881340743496
229,0.6613047712681963,0.37591153527124954,0.3050982616727578
230,0.9525069005086325,0.3830268755690597,0.386027015413634
231,0.5121620823667756,0.23478152927678805,0.22648027321381636
232,0.9525069005086325,0.26267411024125925,0.3257161153852066
233,0.9525069005086325,0.4536183207305482,0.39236316662486526
234,0.9525069005086325,0.16810726681714866,0.3077502885439657
235,0.5121620823667756,0.14233022127261838,0.18491593658804628
236,0.9525069005086325,0.2610885500845141,0.3268060852268841
237,0.9525069005086325,0.49634166736940394,0.3296738185258746
238,0.9525069005086325,0.5949445738066567,0.3610921443355845
239,0.6019365123695072,0.3263464621865847,0.26056868154800517
240,0.6156708685065765,0.4063658752931341,0.2550446538356261
241,0.6242444642958093,0.27961448204840156,0.2813892021901913
242,0.9525069005086325,0.29056669120573037,0.39916496507400845
243,0.9525069005086325,0.4754870599323888,0.34871660776449986
244,0.6613047712681963,0.30537297443827666,0.27776792204322687
245,0.9525069005086325,0.17021392587793002,0.30684054946065353
246,0.9525069005086325,0.6508412914929912,0.42662823332836913
247,0.9525069005086325,0.3830268755690596,0.386027015413634
248,0.9525069005086325,0.35513429460458845,0.31769967180489983
249,0.9525069005086325,0.47459180847885624,0.37211749475526684
250,0.9525069005086325,0.3830268755690597,0.386027015413634
251,0.6242444642958093,0.3720746664117307,0.26625055296017835
252,0.6019365123695072,0.23388627782325558,0.2602508166649538
253,0.6613047712681963,0.30534776897352034,0.277791122965922
254,0.5121620823667756,0.14232134491345896,0.18492036872665835
255,0.6613047712681963,0.39783315880160586,0.2531821922015883
256,0.6019365123695072,0.23388627782325552,0.26025081666495375
257,0.5121620823667756,0.14034081929427586,0.1860556288908523
258,0.9525069005086325,0.2905666912057304,0.39916496507400845
259,0.9525069005086325,0.2905666912057304,0.3991649650740085
260,0.9525069005086325,0.399967247376202,0.3435521950612742
261,0.9525069005086325,0.2905666912057304,0.39916496507400845
262,0.6613047712681963,0.21291279007494743,0.27039053829492743
263,0.9525069005086325,0.3533054232725786,0.3437532492784893
264,0.9525069005086325,0.5312722218613312,0.45031881340743496
265,0.9525069005086325,0.2626741102412593,0.3257161153852066
266,0.9525069005086325,0.26267411024125925,0.3257161153852066
267,0.9525069005086325,0.567947244295718,0.2776543121354329
268,0.9525069005086325,0.26267411024125925,0.3257161153852066
269,0.9525069005086325,0.2626741102412593,0.3257161153852066
270,0.9525069005086325,0.38302519313817984,0.3860284675064266
271,0.9525069005086325,0.4536183207305482,0.39236316662486526
272,0.9525069005086325,0.5109105711482153,0.2992095565539864
273,0.9525069005086325,0.3551342946045884,0.3176996718048998
274,0.9525069005086325,0.2612055330065111,0.32672044073688306
275,0.5121620823667756,0.1421211476048479,0.18502195663110627
276,0.5121620823667756,0.2335280329728646,0.2249537911900656
277,0.9525069005086325,0.2813759807305829,0.4010655088422013
278,0.9766614944462483,0.33835663457219955,0.36196868131728027
279,0.9766614944462483,0.26439103609707576,0.3335736867352687
280,0.6639841127674959,0.4691390950295743,0.25926791676176725
281,0.9525069005086325,0.44637614881326043,0.3088616525033252
282,0.6639841127674959,0.3043992502032729,0.28030353885120307
283,0.6246223859942078,0.2758964574854108,0.28483232073109577
284,0.9525069005086325,0.43129017024600014,0.335458428072075
285,0.6613047712681963,0.20455297629133848,0.275497980803736
286,0.6156708685065765,0.49595990181215,0.2275306638809225
287,0.6613047712681963,0.21043361687913872,0.27195448648749654
288,0.9525869286759869,0.3332644657834143,0.3578192556333397
289,0.6019331861704739,0.3254408191356086,0.26154653060420635
290,0.5121410910386875,0.14228774654372273,0.1849266763373216
291,0.5121410910386875,0.14229362656454644,0.18492373597641149
292,0.5121620823667756,0.2347719360485737,0.22647954513850513
293,0.6613047712681963,0.39782524054042656,0.25317774968947615
294,0.6613139514072073,0.5336245605191616,0.19722817418800195
295,0.9723116554338377,0.5674095054831528,0.24720301140801076
296,0.9723116554338377,0.5214980417378139,0.3627224247315687
297,0.9525869286759869,0.5188242576452132,0.273247233605822
298,0.9521749326139799,0.2560417779093579,0.33003569866395005
299,0.6019503122207941,0.23383065779216244,0.26030127582177026
300,0.952860580731435,0.5729272422081607,0.3899194824693525
301,0.952860580731435,0.44771950148944606,0.2805199730522949
302,0.952860580731435,0.2907623408833101,0.39905375840702745
303,0.9525869286759869,0.38308928335269815,0.38587245821943666
304,0.9521749326139799,0.3542571111387812,0.34277357884931325
305,0.9521749326139799,0.425702588961531,0.33124655793895175
306,0.9521749326139799,0.5670221725267933,0.3065909790072548
307,0.6019503122207941,0.23416239827965005,0.2600654485466192
308,0.9521749326139799,0.44679899220266606,0.3088005300058487
309,0.9521749326139799,0.3831509829985562,0.3857337672706287
310,0.6019503122207941,0.32606352383344567,0.2609151391939569
311,0.9521749326139799,0.2907465850516833,0.39885630083071283
312,0.9521749326139799,0.3815715782049999,0.38713964582273236
313,0.6612666854688865,0.3055754504265312,0.277588303581988
314,0.9521749326139799,0.3543945942557933,0.3426606028908301
315,0.9521749326139799,0.4963746185779772,0.32947034875132153
316,0.512271450980914,0.32744483484042525,0.22634726264769814
317,0.512271450980914,0.14263446862933174,0.18481849126751917
318,0.9521749326139799,0.35530282087751186,0.31747078521705835
319,0.9521749326139799,0.17049626087453748,0.3065996009508701
320,0.512249175672485,0.14327265056184027,0.18451002025342345
321,0.9521749326139799,0.2636374601626005,0.3250003082917117
322,0.9521536299815038,0.4258323096323158,0.3311217826008078
323,0.9521749326139799,0.2628955343251114,0.32547509207215464
324,0.9641457966535859,0.4762507015791747,0.3738973636571086
325,0.9641457966535859,0.5310709042758611,0.45340687108080047
326,0.9641457966535859,0.38385200339672326,0.38899535740918406
327,0.9525228746342299,0.5952294735590604,0.33667403699484233
328,0.050227185938120956,0.0456760311759301,0.006003582400316139
329,0.9641457966535859,0.4108503515105726,0.445398759475533
330,0.6155997369775943,0.3131472486198627,0.2829356566167068
331,0.6244321430507637,0.3687851749469489,0.2704506723702746
332,0.9521749326139799,0.5149302361196155,0.3063470972520337
333,0.6626346783856031,0.29985507702933567,0.28367160261503555
334,0.6638376090497526,0.3711970115495959,0.3122349794593271
335,0.6181733907472419,0.5188993664504445,0.1937235810356159
336,0.6010201924520253,0.31500040259406725,0.27089346717906043
337,0.6638376090497526,0.1960175567051308,0.2821061060057333
338,0.9747527591449157,0.5184084902879414,0.37536468391904515
339,0.6638376090497526,0.1966381150722473,0.2817412146882953
340,0.6012702141685141,0.21769085407907757,0.27123156664243714
341,0.6012702141685141,0.21769085407907748,0.2712315666424371
342,0.9747527591449157,0.37706644733220784,0.40404976229397743
343,0.9747527591449157,0.3450426500584065,0.33247985743383546
344,0.9747527591449157,0.27892826339717447,0.41959795860609167
345,0.9747527591449157,0.4054418080785819,0.4648404450303735
346,0.5063925067931078,0.12199944058610902,0.1921965331034994
347,0.9747527591449157,0.24851298526751647,0.341556646955754
348,0.9747527591449157,0.6145067568396912,0.28840935241181415
349,0.9747527591449157,0.27870026387889363,0.4197362919123121
350,0.9747527591449157,0.2484363743344329,0.34160669525947013
351,0.9747527591449157,0.32253110138653834,0.3749355975453066
352,0.6638376090497526,0.2921158232568805,0.2895299352559111
353,0.6010201924520253,0.21760751350691462,0.2711137052749884
354,0.6246017412612771,0.26538140092512635,0.2933021796841611
355,0.9747527591449157,0.4490446460679459,0.41177444747323166
356,0.9747527591449157,0.4706346028697297,0.39057815335224766
357,0.6155354722343455,0.30097022888788044,0.29424903706276295
358,0.6638376090497526,0.19601755670513082,0.2821061060057333
359,0.5063925067931078,0.12199944058610902,0.1921965331034994
360,0.9747527591449157,0.405442229877913,0.4648401006352134
361,0.6638376090497526,0.2921162450562117,0.28952954742730663
362,0.9747527591449157,0.2483171656795718,0.34168503540586387
363,0.9747527591449157,0.3441087061989236,0.3592220872289467
364,0.9747527591449157,0.2796869411662781,0.41914981892167225
365,0.5063925067931078,0.121999440586109,0.19219653310349935
366,0.5063925067931078,0.21809770713785867,0.23539171821775465
367,0.9747527591449157,0.24851298526751642,0.34155664695575405
368,0.9747527591449157,0.2484633282645861,0.34151916768260193
369,0.9757214583745847,0.4711860552110361,0.36660687279156884
370,0.9757214583745847,0.4491060118115594,0.41200917612363275
371,0.9747527591449157,0.6191902107038274,0.324310633273216
372,0.9747527591449157,0.4051702033308747,0.46506237460955313
373,0.5063925067931078,0.21787098472449173,0.23525494175399647
374,0.9737958462461441,0.24773809202665598,0.34170957788616146
375,0.9737958462461441,0.2485929124460938,0.3411530945918128
376,0.9747527591449157,0.4491012440882002,0.4116037899316542
377,0.97297396087777,0.5887498389786943,0.25702713643969566
378,0.9737958462461441,0.4185735206305092,0.34675463438793447
379,0.972792278358899,0.5362295092529265,0.24869611657474666
380,0.9805037591053126,0.24973406719211771,0.3430983955987654
381,0.9805037591053126,0.4487586904512241,0.4134683505172283
382,0.97297396087777,0.5613754640209082,0.2915096996040439
383,0.6245864967844064,0.45774416598950274,0.22144153254769944
384,0.97297396087777,0.34361877548795705,0.3590572269462896
385,0.506849061279604,0.3147302532362924,0.23502427082363758
386,0.506849061279604,0.12285994147359772,0.19199578370236392
387,0.506849061279604,0.12315915985104903,0.1918463069854183
388,0.9747527591449157,0.24985579705243546,0.3408099582912553
389,0.9747527591449157,0.3757567701349008,0.4043519888265575
390,0.5063925067931078,0.12312522767242653,0.1916350174008666
391,0.9747527591449157,0.3228032512532733,0.374722417887817
392,0.5063925067931078,0.12262462731737865,0.19188572206292503
393,0.5063925067931078,0.12275005687944433,0.19182305689264365
394,0.97297396087777,0.47028568622722317,0.3898235907563989
395,0.9747527591449157,0.5454306625717995,0.3534005173577709
396,0.97297396087777,0.24927611093526186,0.34040095916469015
397,0.6636364754083651,0.19683918249120502,0.2814904192009348
398,0.6636364754083651,0.19696421983745893,0.28141486761140866
399,0.97297396087777,0.37554078514940065,0.40393621253807915
400,0.9728255132357438,0.24960815903185937,0.3402575085810619
401,0.97297396087777,0.47095763582841993,0.3890966661995798
402,0.6636364754083651,0.19741252055631112,0.2811436304267929
403,0.97297396087777,0.279830446033913,0.4179365126114191
404,0.9728255132357438,0.42062851854526484,0.34424147263842997
405,0.97297396087777,0.24965649079638827,0.34029171673910913
406,0.97297396087777,0.6627061610691563,0.19927982120492438
407,0.97297396087777,0.5658452480735247,0.32217465210093515
408,0.980277585089179,0.47245298643494527,0.36627117582797347
409,0.97297396087777,0.47032497182474076,0.38967219765821454
410,0.6636364754083651,0.19580782791158632,0.2821264052368288
411,0.97297396087777,0.40483462224491934,0.46389038181316666
412,0.97297396087777,0.4709347018554146,0.38911980170692273
413,0.97297396087777,0.3925216952608389,0.35853496514652106
414,0.97297396087777,0.15380303111478183,0.32130527352534005
415,0.97297396087777,0.2490716676868425,0.34067157568183315
416,0.97297396087777,0.32336562876283437,0.37358391451486916
417,0.97297396087777,0.15380303111478183,0.32130527352534005
418,0.97297396087777,0.27982932800139537,0.41798194049083215
419,0.97297396087777,0.3754964766195343,0.4040207640684193
420,0.6636364754083651,0.19712831051406354,0.2813157476724224
421,0.97297396087777,0.32336562876283437,0.37358391451486916
422,0.97297396087777,0.24961749652506895,0.34030639340889857
423,0.6636364754083651,0.19733933187622074,0.2811877574382945
424,0.6189856979957102,0.34308818157085735,0.29494685152103883
425,0.97297396087777,0.4493919256494479,0.4102414806201625
426,0.97297396087777,0.4493919256494479,0.4102414806201626
427,0.97297396087777,0.5672449171378408,0.29136408427880633
428,0.9731362120780389,0.34536664713082516,0.3318153341457573
429,0.97297396087777,0.392642776995679,0.358413828159146
430,0.9731362120780389,0.37563115461990454,0.4039550456998851
431,0.97297396087777,0.37561260957115705,0.40391050102935383
432,0.9731362120780389,0.2495934336382419,0.3403821738146562
433,0.9731362120780389,0.5754103992645326,0.406597656077685
434,0.9731362120780389,0.15370337248846697,0.3214080116507998
435,0.9731362120780389,0.4493666285649534,0.41036716941859674
436,0.9731108600377846,0.5149750998471049,0.28532851065158515
437,0.9731362120780389,0.41915230692366706,0.34599294247647205
438,0.9731362120780389,0.375633239901976,0.4039860783632741
439,0.506849061279604,0.3151595698000283,0.23473669845846518
440,0.9731362120780389,0.3756217303440049,0.4039551585209245
441,0.9729483015252737,0.3448774913238858,0.35794079185422295
442,0.9731362120780389,0.34543406744237,0.33174247667583473
443,0.9731362120780389,0.5011041794067863,0.42337737300193623
444,0.6636548315756238,0.4627203307144173,0.2690000926908367
445,0.9731362120780389,0.2798047383128353,0.41804080699722096
446,0.9731362120780389,0.4058817981596551,0.46310582125509964
447,0.9731362120780389,0.15374937938099853,0.3213899658251616
448,0.9731362120780389,0.15375118640304825,0.32138925761157333
449,0.9731108600377846,0.5016494757115957,0.42275981524040696
450,0.97297396087777,0.44120167407188876,0.2930737876846311
451,0.9731362120780389,0.4058074860413989,0.4631266689870175
452,0.9731108600377846,0.32331953923962625,0.3736748994932861
453,0.9731362120780389,0.3755953557580988,0.403969529949461
454,0.9731362120780389,0.4709239823337953,0.3891735080796299
455,0.9731362120780389,0.3233486565302416,0.37365911447750483
456,0.9731108600377846,0.44937911003716385,0.41029931611466913
457,0.5068138948770725,0.21951457542775105,0.23457944457150112
458,0.9731108600377846,0.5019110256347662,0.42263110592375014
459,0.663420627117321,0.2937328143862001,0.2879390285177406
460,0.9759226076728609,0.4502616985455513,0.41020520310627945
461,0.5060926962001554,0.12418116510395576,0.19096326550539497
462,0.663420627117321,0.2933898360809942,0.2880169282332262
463,0.9759226076728609,0.3918134895108162,0.360281777343737
464,0.9759226076728609,0.153803344061972,0.3224793159298619
465,0.9783049473440095,0.41960243982355233,0.3476723517352125
466,0.9759226076728609,0.3926966720442298,0.359456513940498
467,0.9710673932135716,0.24581796768270647,0.34186819610344027
468,0.9783049473440095,0.345440004923956,0.3337137758696019
469,0.9783049473440095,0.5021781514019596,0.423940845890002
470,0.9749715940013151,0.47025082067770246,0.3885216455607198
471,0.9783049473440095,0.4510019930306468,0.4085022032449502
472,0.9749715940013151,0.5460242254690623,0.35122506116179336
473,0.9749715940013151,0.25013641184039215,0.3410233709189111
474,0.9749715940013151,0.37526434094628697,0.4036156438971717
475,0.9749715940013151,0.4497702418128317,0.40918485955795225
476,0.9723455359627251,0.5959943593351673,0.3765656271867112
477,0.9723455359627251,0.24934717615760335,0.3401162096289938
478,0.9749715940013151,0.4065222345466885,0.4634299788462665
479,0.9749715940013151,0.5010286963426968,0.42273841702144493
480,0.9749715940013151,0.32356034770202247,0.3742163337725617
481,0.6638614442005727,0.38868708200017094,0.2631532952856528
482,0.9749715940013151,0.4397937753270537,0.3243579971290482
483,0.9749715940013151,0.4402070191700893,0.3238396686137783
484,0.9744236618948147,0.5146243892473911,0.28630084396677874
485,0.9749715940013151,0.5015895184341971,0.42449633372986756
486,0.5063363964511451,0.12192761344384447,0.1922045154184564
487,0.6638588184987022,0.44011857584602815,0.28362106896798633
488,0.6638623366971356,0.4369934183467497,0.28800886795260866
489,0.6638623366971356,0.29242207282901717,0.28994326373933554
490,0.5063363964511451,0.12527910083695298,0.19056786111470903
491,0.9749404566668343,0.32416647736862897,0.37372982883819783
492,0.5084393123767994,0.2201011983943645,0.23459400186774962
493,0.9749404566668343,0.25149124606242135,0.34028257518145455
494,0.9749404566668343,0.3773025131084717,0.40104767926227003
495,0.5084393123767994,0.21946316021470752,0.23510837588957328
496,0.9749466938139583,0.3765320856089969,0.4047441246266429
497,0.9749466938139583,0.15454389664906412,0.3218084130379208
498,0.9749404566668343,0.5971463565501047,0.35250509734526564
499,0.6637956032559011,0.387852300706812,0.2961113962323807
500,0.9798882302607804,0.3750120594822042,0.40489403055336953
501,0.9798882302607804,0.4483136300544382,0.41194912237424547
502,0.9749466938139583,0.24739621647010576,0.3420020978645132
503,0.9749466938139583,0.3207436265287404,0.37641002728914896
504,0.9749466938139583,0.470472415737968,0.3670832155186646
505,0.9749466938139583,0.3752357843871102,0.4053807467945207
506,0.9749466938139583,0.2789838093149298,0.41968153438192746
507,0.9749466938139583,0.375019325698133,0.40541567206451706
508,0.9749466938139583,0.1525205763019339,0.3225821156512392
509,0.9745403809126607,0.3221297519328872,0.3751945478816817
510,0.9745403809126607,0.5887082316392449,0.2577752177836179
511,0.9749466938139583,0.4709662472686675,0.3902004068277295
512,0.9745403809126607,0.44783175342833575,0.4118798532865896
513,0.6638136075015475,0.43528365229380284,0.2903531380671322
514,0.624598358840158,0.45764308197230813,0.22213502363374701
515,0.9745403809126607,0.391969608726608,0.35966386816373613
516,0.6638136075015475,0.29223955411580665,0.28942014403459426
517,0.6010288625428675,0.21775945094598897,0.27101239996153076
518,0.6638136075015475,0.19617510844194916,0.28199662525557345
519,0.6633351007948279,0.29241001478597467,0.2889842897060768
520,0.624530912500809,0.26578297561184944,0.29291836036207825
521,0.9745403809126607,0.4418012469463747,0.32176314897397396
522,0.9745403809126607,0.4197633220465325,0.34555671978799796
523,0.9745403809126607,0.5740203623403184,0.4073683185975379
524,0.9745403809126607,0.5661873624740872,0.32167438318879527
525,0.9745403809126607,0.5453614204039386,0.3536126771670087
526,0.9745403809126607,0.40552241099120273,0.46348763601858156
527,0.9794455092786712,0.44990545269935023,0.4120689126229871
528,0.9745403809126607,0.4701628155077126,0.365662471016254
529,0.6643670787447623,0.36651767956973286,0.31812126492167536
530,0.9745403809126607,0.4695757022009824,0.39141988466976535
531,0.9794455092786712,0.2784673762453277,0.4212346832229343
532,0.9794455092786712,0.40557840928330774,0.46593483840326394
533,0.9794455092786712,0.34495035163348386,0.3601391582751846
534,0.5064844779488484,0.21810076090000624,0.2349370655518239
535,0.9743941690963198,0.4487635173399707,0.41174340196486386
536,0.9743941690963198,0.44884568614089493,0.4111476122856653
537,0.9743941690963198,0.15667247964601136,0.3207795878029952
538,0.5094591555719272,0.31791298201556034,0.23334151257023245
539,0.6625636227118512,0.46368966699519754,0.26748027044857553
540,0.958164714515635,0.2537342839631009,0.33285837733047663
541,0.5106822692632149,0.13281085994567543,0.1889411484662053
542,0.958164714515635,0.32947557677229816,0.36327650593874883
543,0.624335905190833,0.27438421483625647,0.28574308635383655
544,0.958164714515635,0.39709158623819274,0.34853060897569105
545,0.958164714515635,0.3848536971003823,0.38838498861575965
546,0.958164714515635,0.26075345810166595,0.3286591165595526
547,0.958164714515635,0.18006923194186217,0.3073693602425021
548,0.5106822692632149,0.15534516504599413,0.17945954448251258
549,0.9091781825750772,0.6062998035375222,0.18858998753922387
550,0.9091781825750772,0.33902809529930755,0.33982730917373033
551,0.958164714515635,0.49981242836492984,0.3224975385550515
552,0.958164714515635,0.29599311101297504,0.38543918182865866
553,0.958164714515635,0.3860980001888343,0.3899888314604554
554,0.958164714515635,0.2664973467526738,0.32541711865224093
555,0.5106822692632149,0.14456363725104365,0.18401645893825913
556,0.958164714515635,0.17309327155071264,0.30850907999367183
557,0.958164714515635,0.6454814609311056,0.3277546363437078
558,0.5106822692632149,0.23241010451167643,0.22776568377666384
559,0.9758238646312798,0.576402098794986,0.38186838996735345
560,0.9758238646312798,0.16291394868177045,0.3189527427547741
561,0.5061179885012757,0.1323758897340245,0.18701414898327706
562,0.6639586059224291,0.4648379681477394,0.2661332406472798
563,0.6639586059224291,0.29996018686415116,0.2838752465432521
564,0.6155290121150135,0.3092742311228244,0.28651142333199875
565,0.958164714515635,0.5099993673394333,0.3028663127120292
566,0.958164714515635,0.41685741799867526,0.3443877400121748
567,0.5106822692632149,0.12951138696431708,0.19077250854440805
568,0.9758238646312798,0.5671293971022837,0.31614421649011776
569,0.958164714515635,0.43963408529602427,0.3193252493772551
570,0.6619525629884547,0.38813937219103606,0.2641800933991705
571,0.6156362097299797,0.30806513752499637,0.2877683724362135
572,0.6181677638387121,0.42666580697694445,0.27082466461489924
573,0.958164714515635,0.3516089353568016,0.34710260777300767
574,0.9601491741781862,0.5746051283093184,0.3937666092946592
575,0.6619525629884547,0.39438158772666115,0.2875944981764654
576,0.958164714515635,0.33197185456373485,0.3610567935226815
577,0.958164714515635,0.26199715771570065,0.32791374871578255
578,0.958164714515635,0.47382359118020745,0.37695494612496566
579,0.958164714515635,0.42475599563444316,0.333329237645855
580,0.9379604875007461,0.2608020006597322,0.32126135277803786
581,0.958164714515635,0.2630416450977272,0.3288446516368774
582,0.958164714515635,0.3842344500407125,0.3819835484168948
583,0.958164714515635,0.35646605756885774,0.31933232578130755
584,0.9379604875007461,0.5154661780105211,0.269240959283371
585,0.5160063925191948,0.14862197226201704,0.18395950706761846
586,0.6596278254066389,0.22140813407508803,0.264360716242356
587,0.9379604875007461,0.456890279449011,0.3793774138460887
588,0.9379604875007461,0.41486998986649487,0.4271016028341489
589,0.9379604875007461,0.2986276570588835,0.38553220267846666
590,0.9379604875007461,0.2986276570588835,0.38553220267846666
591,0.9379604875007461,0.2723580044663789,0.3151077337255556
592,0.9379604875007461,0.45115858399316644,0.29914787423733047
593,0.6025447300240232,0.33491625118555507,0.25326920951925985
594,0.9379604875007461,0.3623306846814857,0.30751549838913955
595,0.9379604875007461,0.41486998986649487,0.42710160283414883
596,0.6596278254066389,0.4032061933605757,0.2760865911315008
597,0.9379604875007461,0.40553076780208197,0.33263069622175506
598,0.6596278254066389,0.4931788735756825,0.2189775769029122
599,0.6189035345740985,0.45092129466166764,0.2353252846319558
600,0.6181608116533296,0.43415487158344007,0.26022369600404877
601,0.6025447300240232,0.2468341677886255,0.2515502182270223
602,0.9379604875007461,0.1842759210694494,0.2956426597158115
603,0.5160063925191948,0.1573760695375524,0.17934284459676544
604,0.9379604875007461,0.5190060988460033,0.2675700280129214
605,0.6596278254066389,0.2250358127731807,0.2620791765139759
606,0.9379604875007461,0.4055311449911489,0.3326303113668022
607,0.6596278254066389,0.4043509742640019,0.2459525531057665
608,0.6596278254066389,0.31437829404889506,0.2697797557966265
609,0.5160063925191948,0.15611567165876752,0.17994536043021359
610,0.6596256647926544,0.31437771788516583,0.26977901845415136
611,0.9379604875007461,0.666640946122449,0.21268642794109008
612,0.9379604875007461,0.1698542865179632,0.3017421312521191
613,0.5160063925191948,0.14001558870599254,0.18878821933255943
614,0.9379604875007461,0.16338783395617343,0.30426331723089284
615,0.6025447300240232,0.2286947435797156,0.2646731418175957
616,0.9683723063278727,0.3550042564603278,0.3482639426257248
617,0.6244998857386256,0.28642568600110907,0.2762039021438543
618,0.6631150351766067,0.4475096006623544,0.27233215713531633
619,0.9379604875007461,0.25960274826772206,0.32146949799707053
620,0.9680563795720608,0.4278853531541128,0.38916112269928677
621,0.9680563795720608,0.16927155207789052,0.313612950034651
622,0.9680563795720608,0.38304131662789825,0.39292345250365623
623,0.9557174740713639,0.25613010511874573,0.3300797904981743
624,0.6625425304784651,0.3009865808486168,0.28228896490713395
625,0.9680563795720608,0.5642466413593407,0.28232007263047176
626,0.9680563795720608,0.289049246444532,0.40808109874103166
627,0.9557174740713639,0.4203143440417314,0.3381554450278341
628,0.9557174740713639,0.2568522113680796,0.3296273858837664
629,0.9680563795720608,0.35515158713737616,0.3606161835429526
630,0.9680563795720608,0.3551808484612398,0.35970425188099764
631,0.9680563795720608,0.30414357332143677,0.3520424651836538
632,0.9680563795720608,0.37754837962703447,0.39969686302897695
633,0.9680563795720608,0.25318748376513983,0.33651690402694745
634,0.9680563795720608,0.5460618479493243,0.3480044893309718
635,0.9680563795720608,0.5459162603906278,0.3467444692860814
636,0.9680563795720608,0.37853185473499157,0.3988515113648087
637,0.9680563795720608,0.37789834645910414,0.3981123178130297
638,0.9680563795720608,0.44539416482972993,0.3156816635046555
639,0.9628437190087041,0.4960005207679187,0.3346094860195084
640,0.9680563795720608,0.4007274518073338,0.32885680971033937
641,0.7642327554295038,0.274603840971769,0.29150811531720594
642,0.9680563795720608,0.6159231054634712,0.2838682239171626
643,0.7642327554295038,0.3974587946337166,0.3008058288013882
644,0.9486055515412595,0.49015565983034115,0.3314484742999867
645,0.9936520827204877,0.49749261989364285,0.3609166243900941
646,0.9936520827204877,0.6543804608606846,0.38702901127595424
647,0.9936520827204877,0.5632108987051967,0.46104966943780834
648,0.9936520827204877,0.6404807729037135,0.3197668999241184
649,0.9936520827204877,0.6156745145654668,0.3696156708673268
650,0.9936520827204877,0.740146794351239,0.22932759478380824
651,0.9942680636218149,0.6010998855851255,0.35165579057929336
652,0.9936520827204877,0.6017824735551408,0.28954328390523504
653,0.9936520827204877,0.7372270566086656,0.32511174577989155
654,0.9942680636218149,0.7313795830856298,0.1968566290761526
655,0.9942680636218149,0.7182524736419343,0.1974791550028806
656,0.9942680636218149,0.9281262067932338,0.16730059552326806
657,0.9942680636218149,0.8626425687749744,0.19127753662068217
658,0.9942680636218149,0.7575849352350087,0.22390578417164103
659,0.9942680636218149,0.7969099442039692,0.24121050757636686
660,0.9942680636218149,0.8903891613634636,0.20776064769504676
661,0.9942680636218149,0.8891364391813567,0.17421732478617816
662,0.9943845186810267,0.7972787161033542,0.19148756593121125
663,0.9943845186810267,0.8235024428701031,0.21125508187724304
664,0.9943845186810267,0.7397627249064909,0.2132466397946338
665,0.9943845186810267,0.8629624086988593,0.19155553198195394
666,0.9943845186810267,0.9287081621132921,0.13133330711417146
667,0.9943845186810267,0.8235451209399983,0.2112986919253225
668,0.9943845186810267,0.8892753470132031,0.17430384222361314
669,0.9943845186810267,0.6920927823627817,0.2173749833139838
670,0.9943845186810267,0.6657870008752369,0.2078253476929476
671,0.9943845186810267,0.7328484972572356,0.30141648954259276
672,0.9943845186810267,0.8892269444580726,0.17427467882681885
673,0.9943845186810267,0.8629856997107017,0.191571502280224
674,0.9943845186810267,0.994384518681027,2.220446049250313e-16
675,0.9943845186810267,0.8041320906686761,0.20435733283598323
676,0.9943845186810267,0.6731693993944698,0.1699486495659221
677,0.9943845186810267,0.8207603265917466,0.18170595384342184
678,0.9943845186810267,0.7963358294072668,0.18971161818020402
679,0.9943845186810267,0.7311388480259852,0.24494040333644132
680,0.9943845186810267,0.8228886098959074,0.21078153477261918
681,0.9943845186810267,0.6226210720214154,0.10639461662170924
682,0.9989542680125536,0.9289589425632574,0.1677031777005061
683,0.9989542680125536,0.8630758827074934,0.21844275167568764
684,0.9989542680125536,0.731677063737168,0.22340384255982407
685,0.9989542680125536,0.6050411166138314,0.3385952040114217
686,0.9989542680125536,0.6028939334052017,0.29084449589633216
687,0.9989542680125536,0.8639898325737987,0.21899907761829523
688,0.9989542680125536,0.7979549565451589,0.2424476742621118
689,0.9989542680125536,0.5797518704647391,0.2699281775604245
690,0.9989542680125536,0.561466750566657,0.4155119471064018
691,0.9989542680125536,0.58999565201289,0.28089215532432
692,0.9989542680125536,0.49546077181336334,0.39354758860694694
693,0.9989542680125536,0.6144203921644227,0.33372218579923374
694,0.9989542680125536,0.5834252453635937,0.3934560007704962
695,0.9993047177168294,0.6868411686928168,0.400615641928963
696,0.9993047177168294,0.7417538119211348,0.30346670098611767
697,0.9993047177168294,0.7984931840954353,0.2432244261744181
698,0.9993047177168294,0.614761076617946,0.11977334343227783
699,0.9993047177168294,0.7781588738558107,0.276237251011793
700,0.9993047177168294,0.6726577332147378,0.3660442232483344
701,0.9993047177168294,0.5432489511660398,0.3533415418175964
702,0.9993047177168294,0.507823917366265,0.413407602013097
703,0.9993047177168294,0.5410526335525085,0.3917547528442722
704,0.9993047177168294,0.6760292195268903,0.41873711092588994
705,0.9993047177168294,0.6740615008080363,0.35088228272501354
706,0.9993047177168294,0.762235450927207,0.2645584657118849
707,0.9993047177168294,0.9327539394904503,0.1696718584105456
708,0.9993047177168294,0.741431299818816,0.2159639872876694
709,0.9993047177168294,0.7439247383195908,0.25532328841973123
710,0.9993047177168294,0.8079820780451947,0.20812795437817821
711,0.9993047177168294,0.7597292430382608,0.20119335163949886
712,0.9993047177168294,0.7414390135360586,0.18859155236451536
713,0.9993047177168294,0.9327616532076928,0.1330861290182729
714,0.9993047177168294,0.7126444801271569,0.17927616976790373
715,0.9993047177168294,0.737982072034142,0.4230470514428547
716,0.9993047177168294,0.581574941821923,0.2775795075021579
717,0.9993047177168294,0.6569404804246476,0.20036957329983407
718,0.9993047177168294,0.8616770542094362,0.27229140973541205
719,0.9993047177168294,0.7118708444047047,0.3203588275306051
720,0.9993047177168294,0.8440551163425294,0.26518856839098903
721,0.9993047177168294,0.658373041381539,0.2734236963224545
722,0.9993047177168294,0.7784578385935199,0.22394839878758746
723,0.9993047177168294,0.8520220410024382,0.18620384254521988
724,0.9993047177168294,0.8223297676966579,0.21006064946918937
725,0.9993047177168294,0.8598734974334192,0.16205649088333052
726,0.9993047177168294,0.7597293216137593,0.2270490372301952
727,0.9993047177168294,0.7355956803165815,0.3027525357499456
728,0.9993047177168294,0.770731301820285,0.28184520339301444
729,0.9993047177168294,0.8021469560812664,0.298516112800011
730,0.9993047177168294,0.9327616532076927,0.1330861290182729
731,0.9993047177168294,0.6482760380819091,0.31074125489081045
732,0.9993047177168294,0.6765365318333583,0.40515801663076517
733,0.9993047177168294,0.6740420339505632,0.3663412980473761
734,0.9993047177168294,0.7622238194965545,0.28472942169185983
735,0.9993047177168294,0.712644480127157,0.1792761697679037
736,0.9993047177168294,0.8662031612640716,0.2207239608830522
737,0.9993047177168294,0.8662185886985564,0.16299655396848908
738,0.9993047177168294,0.9327539394904503,0.16967185841054563
739,0.9993047177168294,0.8662031612640716,0.2207239608830522
740,0.9993047177168294,0.8662185886985564,0.16299655396848908
741,0.9993047177168294,0.9327539394904503,0.16967185841054563
742,0.9993047177168294,0.8928308780665167,0.17656688805427595
743,0.9993047177168294,0.8079820780451947,0.20812795437817821
744,0.9993047177168294,0.8262800998401381,0.21399198983770754
745,0.9993070241345959,0.7331094722897409,0.22568257651129603
746,0.9993070241345959,0.9327540932516348,0.16967191872160875
747,0.999643869571641,0.8714598607300693,0.2706849783899948
748,0.999643869571641,0.8662457580657876,0.1940722277110692
749,0.999643869571641,0.8263485974675809,0.214047634974169
750,0.999643869571641,0.698460681155577,0.25250597934899094
751,0.999643869571641,0.7597789205890113,0.2012552867788707
752,0.999643869571641,0.8663847577139585,0.1631167725961117
753,0.999643869571641,0.7998034387169078,0.22088877233596946
754,0.999643869571641,0.7415461056585358,0.21615029282006085
755,0.999643869571641,0.7199047154682325,0.17059138075715527
756,0.999643869571641,0.8664371585114437,0.16314423620591798
757,0.999643869571641,0.799821941128394,0.24473088205244387
758,0.999643869571641,0.8264686608039037,0.21417758749331245
759,0.999643869571641,0.9330405140415422,0.13320671106019735
760,0.999643869571641,0.893070277832442,0.17671943688727793
761,0.999643869571641,0.7996641848534212,0.2210067891981679
762,0.999643869571641,0.8921082862626869,0.17615564356286004
763,0.999643869571641,0.8012370197508791,0.2972533185515569
764,0.999643869571641,0.8255009767816046,0.21340798462024665
765,0.999643869571641,0.6579226666949786,0.26939246610745887
766,0.999643869571641,0.878573829180673,0.22808195140140256
767,0.999643869571641,0.8768597241379187,0.17735907803248882
768,0.999643869571641,0.7598653052738051,0.20136525732811286
769,0.999643869571641,0.8664292506094762,0.22091145384383193
770,0.999643869571641,0.9330365600905585,0.16981598539597623
771,0.999643869571641,0.8664371585114437,0.16314423620591798
772,0.999643869571641,0.799821941128394,0.24473088205244387
773,0.999643869571641,0.8747539968002918,0.176620951876292
774,0.999643869571641,0.999213612454968,0.0006084754497063343
775,0.999643869571641,0.8262718089379859,0.18635771028028708
776,0.999643869571641,0.7995247582255279,0.22053981265972877
777,0.999643869571641,0.8663902219766136,0.19404792528165798
778,0.999643869571641,0.9329505086672238,0.16978253519222805
779,0.999643869571641,0.7383430745242923,0.3289588640733453
780,0.9997869833839202,0.5733587106893308,0.2806169903724408
781,0.9998931915193199,0.7788341137734601,0.27679811761739637
782,0.9997869833839202,0.7787714230705074,0.27696635116149654
783,0.9998931915193199,0.7381752295679628,0.34894760690451404
784,0.9998931915193199,0.7997677561004752,0.22077361704740658
785,0.9998931915193199,0.7414912374853294,0.18873710907304708
786,0.9998931915193199,0.7416177737360565,0.15674079613602787
787,0.9998931915193199,0.7998823303402295,0.22087349450985472
788,0.9998931915193199,0.8666326818035732,0.22095555727944152
789,0.9998931915193199,0.8663700604793072,0.19415713066953558
790,0.9998931915193199,0.7331938844343265,0.22589683164067423
791,0.9998931915193199,0.7599489825660627,0.2014728527056926
792,0.9998931915193199,0.8266072813902292,0.21431402225180135
793,0.9998931915193199,0.799948969302583,0.1943115351836321
794,0.9998931915193199,0.9332443264562441,0.16992193175771753
795,0.9998931915193199,0.7999477828163378,0.22104856265070152
796,0.9998931915193199,0.8665966478794135,0.19431194214079506
797,0.9998931915193199,0.9332443264562441,0.16992193175771753
798,0.9998931915193199,0.8665966478794135,0.19431194214079506
799,0.9998931915193199,0.7416305079036095,0.21628724711941627
800,0.9998931915193199,0.8474734792996138,0.26242070446855903
801,0.9998931915193199,0.7680858047220238,0.17787714582652783
802,0.9998931915193199,0.9360319881724627,0.10499368788546082
803,0.9998931915193199,0.8380620240062285,0.17255545217997573
804,0.9998931915193199,0.8121446382943759,0.19515994840476342
805,0.9998931915193199,0.794879847240224,0.20366089716385344
806,0.9998931915193199,0.799948969302583,0.1943115351836321
807,0.9998931915193199,0.7999477828163378,0.22104856265070152
808,0.9998931915193199,0.8665966478794135,0.19431194214079509
809,0.9998931915193199,0.8665966478794135,0.19431194214079506
810,0.9998931915193199,0.8686225085896637,0.2600376193464393
811,0.9998931915193199,0.9998931915193198,1.1102230246251565e-16
812,0.9998931915193199,0.9998931915193198,1.1102230246251565e-16
813,0.9998931915193199,0.8266084678764741,0.18661442207655785
814,0.9998931915193199,0.7999477828163378,0.22104856265070152
815,0.9998931915193199,0.7999477828163378,0.22104856265070152
816,0.9998931915193199,0.8665966478794135,0.19431194214079503
817,0.9998931915193199,0.799948969302583,0.1943115351836321
818,0.9998931915193199,0.8082793729666852,0.20844279178731856
819,0.9998931915193199,0.8665966478794135,0.19431194214079503
820,0.9998931915193199,0.7599584163271536,0.22738809235087046
821,0.9998931915193199,0.6933083773179004,0.19362575007017876
822,0.9998931915193199,0.8691138528530672,0.2789902613267205
823,0.9998931915193199,0.8082734789105701,0.1798337304069985
824,0.9998931915193199,0.7332965645345315,0.19993223413003497
825,0.9998931915193199,0.9332230848291643,0.16991360521284737
826,0.9998931915193199,0.7673535009667257,0.22243772839456544
827,0.9998931915193199,0.6875107944309423,0.225940595576266
828,0.9998931915193199,0.8665612451676137,0.19428766107757559
829,0.9998931915193199,0.7599489825660629,0.20147285270569262
830,0.9998931915193199,0.776186261864688,0.19008669377908732
831,0.9998931915193199,0.5539219209681633,0.44062745443760676
832,0.9998931915193199,0.5731615030774092,0.34822176460275145
833,0.9998931915193199,0.6364122787580281,0.3500845309704371
834,0.9998931915193199,0.6414855632098938,0.28787793158355807
835,0.9998931915193199,0.5760595775671742,0.3805571939420164
836,0.9998931915193199,0.5048240368308242,0.25416188632526643
837,0.9998931915193199,0.71385583540483,0.26513163640786275
838,0.9998931915193199,0.8265966611428935,0.21429717928303127
839,0.9998931915193199,0.8025966129384408,0.2793550188771236
840,0.9998931915193199,0.8665954613931686,0.22104927811724856
841,0.9998931915193199,0.6933107377503229,0.19362542505793734
842,0.9998931915193199,0.7999035210356997,0.24484844670015635
843,0.9998931915193199,0.8266072813902292,0.21431402225180138
844,0.9998931915193199,0.8932561464533049,0.1768375336180956
845,0.9998931915193199,0.6711042513119077,0.2684709452089208
846,0.9998931915193199,0.7999465963300929,0.2448835670102158
847,0.9998931915193199,0.9998931915193198,1.1102230246251565e-16
848,0.9998931915193199,0.9332443264562441,0.1699219317577175
849,0.9998931915193199,0.8616523027096874,0.2184119639748229
850,0.9998931915193199,0.7384252052985704,0.34852929503811947
851,0.9998931915193199,0.8665966478794135,0.19431194214079506
852,0.9998931915193199,0.8665966478794135,0.19431194214079509
853,0.9998931915193199,0.8665977255703222,0.1943099090831039
854,0.9998931915193199,0.679982056321275,0.15995556759902244
855,0.9998931915193199,0.866599188084752,0.19430715008617372
856,0.9998931915193199,0.8700376160080402,0.17368256875337945
857,0.9998931915193199,0.5492901497187422,0.30888631026377
858,0.9998931915193199,0.7383697424228354,0.3323351164108728
859,0.9998931915193199,0.7332989177532622,0.22601694806576442
860,0.9998931915193199,0.8035491697832314,0.27676504827687326
861,0.9998931915193199,0.6692029555930471,0.2924520615748098
862,0.9998931915193199,0.8460900138769613,0.18836965302120814
863,0.9998931915193199,0.8665966478794135,0.19431194214079506
864,0.9998931915193199,0.7644031051082935,0.2596912364055418
865,0.9998931915193199,0.7332976542877178,0.24937729029096461
866,0.9998931915193199,0.7952127974272497,0.21744624872639598
867,0.9998931915193199,0.8665966478794135,0.19431194214079506
868,0.9998931915193199,0.8665966478794135,0.19431194214079503
869,0.9998931915193199,0.8266072813902292,0.21431402225180138
870,0.9998931915193199,0.7999202567902227,0.19433123893007787
871,0.9998931915193199,0.9357797387910307,0.23989057399238473
872,0.9998931915193199,0.7599528300662028,0.20148621718423992
873,0.9998931915193199,0.8932561464533049,0.1768375336180956
874,0.9998931915193199,0.8665978343656584,0.1632528050542568
875,0.9998931915193199,0.8082793729666852,0.20844279178731856
876,0.9998931915193199,0.7999477828163378,0.22104856265070155
877,0.9998931915193199,0.9332455129424891,0.13329535715366123
878,0.9998931915193199,0.7416316943898544,0.18887778404900687
879,0.9998931915193199,0.799948969302583,0.19431153518363212
880,0.9998931915193199,0.8266072813902292,0.21431402225180135
881,0.9998931915193199,0.7999477828163378,0.22104856265070155
882,0.9998931915193199,0.9332443264562441,0.16992193175771753
883,0.9998931915193199,0.7332989177532624,0.22601694806576442
884,0.9998931915193199,0.7999477828163378,0.22104856265070152
885,0.9998931915193199,0.8665966478794135,0.19431194214079506
886,0.9998931915193199,0.871007947852355,0.25239032645594806
887,0.9998931915193199,0.9998931915193198,1.1102230246251565e-16
888,0.9998931915193199,0.8665954613931686,0.22104927811724856
889,0.9998931915193199,0.8665954613931686,0.22104927811724856
890,0.9998931915193199,0.7332989177532622,0.2260169480657644
891,0.9998931915193199,0.7999465963300929,0.2448835670102158
892,0.9998931915193199,0.7555174660929157,0.17371543660312988
893,0.9998931915193199,0.9332455129424891,0.13329535715366125
894,0.9998931915193199,0.7358523993463405,0.28415905108319073
895,0.9998931915193199,0.7357518233789039,0.28440602889116634
896,0.9998931915193199,0.8025012555259229,0.279615473148162
897,0.9998931915193199,0.7332989177532622,0.2260169480657644
898,0.9998931915193199,0.8665954613931686,0.22104927811724856
899,0.9998931915193199,0.9998931915193198,1.1102230246251565e-16
900,0.9998931915193199,0.8082793729666852,0.20844279178731856
901,0.9998931915193199,0.8665966478794135,0.19431194214079506
902,0.9998931915193199,0.8665954613931686,0.22104927811724856
903,0.9998931915193199,0.8421448181811698,0.19887724973296672
904,0.9998931915193199,0.5037508555580408,0.42712959545189216
905,0.9998931915193199,0.7189698830132198,0.2604520804588292
906,0.9998931915193199,0.6878206724292302,0.3881950275386886
907,0.9998931915193199,0.7469243493246154,0.24806010722940738
908,0.9998931915193199,0.9332455129424891,0.13329535715366125
909,0.9998931915193199,0.6533237442336286,0.09795250970741178
910,0.9998931915193199,0.8681978855768967,0.2818465408076863
911,0.9998931915193199,0.8662682491257475,0.1940904218690576
912,0.9998931915193199,0.9325875289489123,0.16967238215063515
913,0.9998931915193199,0.7991260224703088,0.2438844480912221
914,0.9998931915193199,0.8656114516184156,0.1936449503406232
915,0.9998931915193199,0.7846136676588422,0.21432253245376542
916,0.9998931915193199,0.8018421458631526,0.29838823910999873
917,0.9998931915193199,0.6365696643618596,0.31723890770041596
918,0.9998931915193199,0.6064064437804141,0.331981873914867
919,0.9998931915193199,0.8024956060446787,0.2988099159653465
920,0.9998931915193199,0.7599507971834529,0.22737446995056365
921,0.9998931915193199,0.8665695561183913,0.19429626399392588
922,0.9998931915193199,0.8665746357929109,0.19429974850857384
923,0.9998931915193199,0.8665522845278308,0.22101749871989304
924,0.9998931915193199,0.8265691841994111,0.21427729438114665
925,0.9998931915193199,0.808259843862147,0.17982003031025032
926,0.9998931915193199,0.8265801563905995,0.21428465038461214
927,0.9998931915193199,0.6453282300202597,0.32239899977080305
928,0.9999139740548679,0.8709800655103094,0.2523653107629891
929,0.9999139740548679,0.8265869725302305,0.21429209286813725
930,0.9999139740548679,0.9332460977294229,0.16992466755169972
931,0.9999139740548679,0.8265931973860174,0.21430425367955463
932,0.9999139740548679,0.8582278791996786,0.2169877934388443
933,0.9999139740548679,0.6755484280223089,0.29762786725853574
934,0.9999139740548679,0.7599564905292256,0.20148991721852932
935,0.9999139740548679,0.7016396634883919,0.15081862379974753
936,0.9999139740548679,0.7999424276204267,0.19430870037995993
937,0.9999139740548679,0.861633442740089,0.1912972534953255
938,0.9999139740548679,0.672532408049723,0.24648330840901553
939,0.9999139740548679,0.8611282482504016,0.275864458495112
940,0.9999139740548679,0.7300106198056097,0.2222670146866864
941,0.9999139740548679,0.7062249507399035,0.255278053368685
942,0.9999139740548679,0.744128703729087,0.3830786345743149
943,0.9999139740548679,0.7405206886566162,0.3443699795345266
944,0.9999901841990648,0.9999190547311478,1.9010149932095282e-05
945,0.9999901841990648,0.7999655639558209,0.2210728295931737
946,0.9999901841990648,0.7999696889664321,0.24491185203405744
947,0.9999901841990648,0.7999696889664321,0.24491185203405744
948,0.9999971129795464,0.6702327565633383,0.32619496303682355
949,0.9999971129795464,0.8719299586861017,0.2709434042860567
950,0.9999971129795464,0.8029972693861505,0.25766426174653234
951,0.9999971129795464,0.866641217928436,0.19434747060610025
952,0.9999971129795464,0.8666532269557905,0.1943557079376461
953,0.9999971129795464,0.799996773059381,0.1943648837751408
954,0.9999971129795464,0.8051152487704808,0.34442277159210455
955,0.9999971129795464,0.8666592314694679,0.19435982619424805
956,0.9999971129795464,0.9348591063437092,0.24370188475434687
957,0.9999971129795464,0.8666647740644464,0.19436362731354231
958,0.9999971129795464,0.7999986206457986,0.19436361631094934
959,0.9999971129795464,0.6533330420651957,0.14391249574312157
960,0.9999971129795464,0.9999971129795463,1.1102230246251565e-16
961,0.9999971129795464,0.8666647740644464,0.19436362731354231
962,0.9999971129795464,0.7999985564901899,0.24494720634606035
963,0.9999971129795464,0.7999985885679943,0.2211067041523294
964,0.9999971129795464,0.8666648061422507,0.16329805898978741
965,0.9999971129795464,0.8266650614834689,0.21437088940538077
966,0.9999971129795464,0.7377983006834735,0.29880330764803953
967,0.9999971129795464,0.6533330099873915,0.17838653619942924
968,0.9999971129795464,0.8666647740644464,0.19436362731354237
969,0.9999971129795464,0.8666647740644464,0.19436362731354231
970,0.9999971129795464,0.7999985885679943,0.2211067041523294
971,0.9999971129795464,0.8749980602831164,0.17677535560708046
972,0.9999971129795464,0.8666647740644464,0.19436362731354231
973,0.9999971129795464,0.6749995679493688,0.13794019548563188
974,0.9999971129795464,0.8692285999710795,0.279050307395053
975,0.9999971129795464,0.7333324030715421,0.22607602491736958
976,0.9999971129795464,0.7999985885679943,0.2211067041523294
977,0.9999971129795464,0.7599989080648211,0.20154805877555804
978,0.9999971129795464,0.7999986206457986,0.19436361631094934
979,0.9999971129795464,0.8266650935612732,0.18666525450124455
980,0.9999971129795464,0.7999986206457986,0.19436361631094934
981,0.9999971129795464,0.8666647740644464,0.19436362731354237
982,0.9999971129795464,0.6933326904905646,0.22050286757659784
983,0.9999971129795464,0.8666647740644464,0.19436362731354237
984,0.9999971129795464,0.9333309274830942,0.16996609037160287
985,0.9999971129795464,0.7999985885679943,0.2211067041523294
986,0.9999971129795464,0.8666647740644464,0.19436362731354237
987,0.9999971129795464,0.8666579999094313,0.1943589818790512
988,0.9999971129795464,0.8719665060492647,0.27095253788687423
989,0.9999971129795464,0.799991814412979,0.22110057806695085
990,0.9999971129795464,0.8266650614834687,0.2143708894053808
991,0.9999971129795464,0.9333309595608985,0.13333230683729552
992,0.9999971129795464,0.7333324351493465,0.1999985351041678
993,0.9999971129795464,0.7416657213680166,0.18892832994581218
994,0.9999971129795464,0.693332722568369,0.19367643681429725
995,0.9999971129795464,0.9283929340326729,0.13144429366244126
996,0.9999971129795464,0.6533330420651958,0.14391249574312154
997,0.9999971129795464,0.6313913774519039,0.2045077363662453
998,0.9999971129795464,0.7164417510475509,0.14302983094783062
999,0.9999971129795464,0.6634276598860906,0.1404393785733531
